key;domain;priority;title;status;body
astrology.signs.aries;astrology;2;Bélier;missing;
astrology.signs.taurus;astrology;2;Taureau;missing;
astrology.signs.gemini;astrology;2;Gémeaux;missing;
astrology.signs.cancer;astrology;2;Cancer;missing;
astrology.signs.leo;astrology;2;Lion;missing;
astrology.signs.virgo;astrology;2;Vierge;missing;
astrology.signs.libra;astrology;2;Balance;missing;
astrology.signs.scorpio;astrology;2;Scorpion;missing;
astrology.signs.sagittarius;astrology;2;Sagittaire;missing;
astrology.signs.capricorn;astrology;2;Capricorne;missing;
astrology.signs.aquarius;astrology;2;Verseau;missing;
astrology.signs.pisces;astrology;2;Poissons;missing;
astrology.bodies.sun;astrology;2;Soleil;missing;
astrology.bodies.moon;astrology;2;Lune;missing;
astrology.bodies.mercury;astrology;2;Mercure;missing;
astrology.bodies.venus;astrology;2;Vénus;missing;
astrology.bodies.mars;astrology;2;Mars;missing;
astrology.bodies.jupiter;astrology;2;Jupiter;missing;
astrology.bodies.saturn;astrology;2;Saturne;missing;
astrology.bodies.uranus;astrology;2;Uranus;missing;
astrology.bodies.neptune;astrology;2;Neptune;missing;
astrology.bodies.pluto;astrology;2;Pluton;missing;
astrology.bodies.northNode;astrology;2;Nœud Nord;missing;
astrology.bodies.southNode;astrology;2;Nœud Sud;missing;
astrology.angles.ascendant;astrology;2;Ascendant;missing;
astrology.angles.midheaven;astrology;2;Milieu du Ciel;missing;
astrology.angles.descendant;astrology;2;Descendant;missing;
astrology.angles.imumCoeli;astrology;2;Fond du Ciel;missing;
astrology.houses.1;astrology;2;Maison 1;missing;
astrology.houses.2;astrology;2;Maison 2;missing;
astrology.houses.3;astrology;2;Maison 3;missing;
astrology.houses.4;astrology;2;Maison 4;missing;
astrology.houses.5;astrology;2;Maison 5;missing;
astrology.houses.6;astrology;2;Maison 6;missing;
astrology.houses.7;astrology;2;Maison 7;missing;
astrology.houses.8;astrology;2;Maison 8;missing;
astrology.houses.9;astrology;2;Maison 9;missing;
astrology.houses.10;astrology;2;Maison 10;missing;
astrology.houses.11;astrology;2;Maison 11;missing;
astrology.houses.12;astrology;2;Maison 12;missing;
astrology.aspects.conjunction;astrology;2;Conjonction;missing;
astrology.aspects.sextile;astrology;2;Sextile;missing;
astrology.aspects.square;astrology;2;Carré;missing;
astrology.aspects.trine;astrology;2;Trigone;missing;
astrology.aspects.opposition;astrology;2;Opposition;missing;
astrology.bodyInSign.sun.aries;astrology;1;Soleil en Bélier;draft;"Le Soleil en Bélier met l'accent sur l'élan, l'initiative et le goût du commencement. L'identité se construit dans l'action : oser, ouvrir une voie, affirmer ce que l'on veut. Cette énergie peut se montrer directe, parfois impatiente, et gagne à apprendre la persévérance une fois l'enthousiasme du départ passé. Le défi consiste à affirmer sa volonté tout en tenant compte du rythme des autres."
astrology.bodyInSign.sun.taurus;astrology;1;Soleil en Taureau;draft;"Le Soleil en Taureau oriente l'identité vers la stabilité, le concret et la construction dans la durée. La personne avance à son rythme, cherche la sécurité et apprécie ce qui est tangible : le corps, la nature, les sens, les ressources. Sa constance est une force ; elle peut aussi devenir résistance au changement. L'enjeu est d'apprendre à faire confiance au mouvement sans perdre son ancrage."
astrology.bodyInSign.sun.gemini;astrology;1;Soleil en Gémeaux;draft;"Le Soleil en Gémeaux place la curiosité au cœur de l'identité. Échanger, apprendre, relier les idées et les personnes nourrit la vitalité. L'esprit est vif, adaptable, attiré par la nouveauté et la diversité des points de vue. Cette mobilité peut disperser l'attention ; l'enjeu est de transformer la richesse des intérêts en une parole et un savoir qui ont du fond."
astrology.bodyInSign.sun.cancer;astrology;1;Soleil en Cancer;draft;"Le Soleil en Cancer relie l'identité au monde des émotions, de la mémoire et de l'appartenance. Prendre soin, protéger, créer un lieu où l'on se sent chez soi donne du sens. La sensibilité est fine, l'intuition souvent juste. Elle peut conduire à se replier lorsque l'on se sent exposé ; l'enjeu est d'offrir aussi à soi-même la sécurité que l'on sait donner aux autres."
astrology.bodyInSign.sun.leo;astrology;1;Soleil en Lion;draft;"Le Soleil en Lion se trouve dans son signe de domicile : l'identité cherche à rayonner et à s'exprimer de façon créative et généreuse. Être reconnu pour ce que l'on est, donner de la chaleur, inspirer, sont des moteurs puissants. Le besoin de reconnaissance peut rendre sensible au regard d'autrui ; l'enjeu est de briller depuis l'intérieur, sans dépendre des applaudissements."
astrology.bodyInSign.sun.virgo;astrology;1;Soleil en Vierge;draft;"Le Soleil en Vierge oriente l'identité vers l'utilité, le discernement et le travail bien fait. Analyser, améliorer, mettre de l'ordre et rendre service apportent satisfaction. L'attention aux détails est un talent précieux, qui peut se transformer en exigence excessive envers soi-même. L'enjeu est d'accepter l'imperfection comme partie du processus et de reconnaître la valeur de ce qui est déjà accompli."
astrology.bodyInSign.sun.libra;astrology;1;Soleil en Balance;draft;"Le Soleil en Balance fait de la relation et de l'harmonie un axe central de l'identité. Le sens de l'équilibre, de l'esthétique et de la justice guide les choix. La personne sait percevoir le point de vue de l'autre et créer des accords. Cette ouverture peut rendre les décisions difficiles ; l'enjeu est de trouver sa propre position sans renoncer au dialogue."
astrology.bodyInSign.sun.scorpio;astrology;1;Soleil en Scorpion;draft;"Le Soleil en Scorpion donne une identité intense, tournée vers la profondeur et la transformation. Comprendre ce qui est caché, traverser les crises et en ressortir renouvelé fait partie du chemin. L'engagement est entier, la loyauté forte. Cette intensité peut pousser au contrôle ou à la méfiance ; l'enjeu est de faire confiance au lâcher-prise comme source de puissance."
astrology.bodyInSign.sun.sagittarius;astrology;1;Soleil en Sagittaire;draft;"Le Soleil en Sagittaire tourne l'identité vers l'horizon : chercher du sens, explorer, apprendre et transmettre. Les voyages, la philosophie, les idéaux et l'enseignement nourrissent la vitalité. L'optimisme et la franchise sont des atouts, qui peuvent parfois négliger les détails ou les limites. L'enjeu est d'ancrer la quête de sens dans l'expérience concrète."
astrology.bodyInSign.sun.capricorn;astrology;1;Soleil en Capricorne;draft;"Le Soleil en Capricorne oriente l'identité vers la responsabilité, la structure et la réalisation dans le temps. La personne sait se fixer des objectifs, gravir les étapes et tenir ses engagements. Cette maturité peut s'accompagner d'une grande dureté envers soi. L'enjeu est d'intégrer la joie et le repos au chemin, et pas seulement à son sommet."
astrology.bodyInSign.sun.aquarius;astrology;1;Soleil en Verseau;draft;"Le Soleil en Verseau donne une identité indépendante, tournée vers l'avenir et le collectif. Penser autrement, innover, défendre des idées de liberté et d'égalité donne du sens. La personne apporte un regard original sur les groupes qu'elle rejoint. Ce détachement peut mettre une distance avec les émotions ; l'enjeu est de relier la vision au lien humain."
astrology.bodyInSign.sun.pisces;astrology;1;Soleil en Poissons;draft;"Le Soleil en Poissons relie l'identité à la sensibilité, à l'imaginaire et au sentiment d'unité. Empathie, intuition, créativité et ouverture spirituelle sont des ressources importantes. La perméabilité aux ambiances et aux émotions des autres peut brouiller les limites. L'enjeu est de protéger sa sensibilité pour pouvoir l'offrir sans s'y perdre."
astrology.bodyInSign.moon.aries;astrology;1;Lune en Bélier;draft;"La Lune en Bélier traduit des réactions émotionnelles rapides et spontanées. Le besoin de liberté, d'action et d'autonomie est fort : la sécurité se trouve dans le fait de pouvoir agir. Les émotions s'expriment vite et retombent vite. L'enjeu est d'apprendre à accueillir ses ressentis avant d'y répondre, et à reconnaître aussi sa vulnérabilité."
astrology.bodyInSign.moon.taurus;astrology;1;Lune en Taureau;draft;"La Lune en Taureau est considérée comme particulièrement stable. Le bien-être passe par la constance, le confort, le contact avec la nature et les plaisirs simples. Les émotions sont durables et la fidélité importante. Les changements brusques peuvent être déstabilisants ; l'enjeu est de trouver la sécurité en soi plutôt que dans ce que l'on possède."
astrology.bodyInSign.moon.gemini;astrology;1;Lune en Gémeaux;draft;"La Lune en Gémeaux rend les émotions mobiles et liées à la pensée. Parler, comprendre, échanger aide à digérer ce qui est vécu. Le besoin de stimulation et de variété est réel. La tendance à analyser ses ressentis peut éloigner de leur vécu ; l'enjeu est de prendre le temps de ressentir avant d'expliquer."
astrology.bodyInSign.moon.cancer;astrology;1;Lune en Cancer;draft;"La Lune en Cancer est dans son signe de domicile : la sensibilité est profonde et l'attachement au foyer, à la famille et aux souvenirs important. La personne perçoit finement les besoins des autres et aime prendre soin. Elle peut se protéger en se repliant lorsqu'elle se sent blessée. L'enjeu est d'exprimer ses besoins aussi clairement qu'elle devine ceux des autres."
astrology.bodyInSign.moon.leo;astrology;1;Lune en Lion;draft;"La Lune en Lion associe le bien-être émotionnel à l'expression, à la générosité et à la reconnaissance. La personne a besoin de se sentir appréciée et aime faire plaisir. Ses émotions sont chaleureuses et visibles. Le manque d'attention peut être vécu durement ; l'enjeu est de nourrir sa propre estime sans attendre qu'elle vienne de l'extérieur."
astrology.bodyInSign.moon.virgo;astrology;1;Lune en Vierge;draft;"La Lune en Vierge cherche la sécurité dans l'ordre, l'utilité et la maîtrise du quotidien. Rendre service, organiser et prendre soin de sa santé apaisent. Les émotions passent souvent par l'analyse et le souci du détail. L'inquiétude peut s'installer lorsque tout n'est pas sous contrôle ; l'enjeu est d'apprendre la bienveillance envers soi-même."
astrology.bodyInSign.moon.libra;astrology;1;Lune en Balance;draft;"La Lune en Balance associe l'équilibre émotionnel à l'harmonie relationnelle et à la beauté de l'environnement. Les conflits sont vécus avec inconfort et la personne recherche naturellement l'accord. Cette sensibilité au lien est une qualité ; elle peut conduire à taire ses propres besoins. L'enjeu est d'oser exprimer un désaccord tout en restant dans la relation."
astrology.bodyInSign.moon.scorpio;astrology;1;Lune en Scorpion;draft;"La Lune en Scorpion donne une vie émotionnelle intense, souvent vécue en profondeur et en privé. La personne a besoin de vérité et de relations authentiques, et perçoit ce qui n'est pas dit. Elle peut se protéger par la retenue ou le contrôle. L'enjeu est de faire confiance à la vulnérabilité partagée et de laisser les émotions se transformer."
astrology.bodyInSign.moon.sagittarius;astrology;1;Lune en Sagittaire;draft;"La Lune en Sagittaire trouve son équilibre dans la liberté, l'espace et la perspective. Les émotions sont plutôt optimistes et la personne a besoin de projets, de découvertes et de sens. Le confinement ou la routine peuvent peser. L'enjeu est de ne pas fuir les émotions difficiles dans le mouvement, mais d'y chercher aussi un apprentissage."
astrology.bodyInSign.moon.capricorn;astrology;1;Lune en Capricorne;draft;"La Lune en Capricorne exprime ses émotions avec retenue et cherche la sécurité dans la structure, la responsabilité et l'autonomie. La personne est fiable et se montre souvent solide pour les autres. Elle peut avoir du mal à demander de l'aide. L'enjeu est de s'autoriser la tendresse et le repos sans les mériter par l'effort."
astrology.bodyInSign.moon.aquarius;astrology;1;Lune en Verseau;draft;"La Lune en Verseau associe le bien-être émotionnel à la liberté, à l'amitié et au sentiment d'être soi-même. La personne prend volontiers du recul sur ses émotions et apprécie les liens qui respectent son indépendance. Cette distance peut être perçue comme de la froideur. L'enjeu est de reconnaître ses besoins affectifs comme légitimes."
astrology.bodyInSign.moon.pisces;astrology;1;Lune en Poissons;draft;"La Lune en Poissons donne une grande réceptivité émotionnelle : la personne ressent les ambiances, compatit facilement et dispose d'un imaginaire riche. Le calme, la créativité, la musique ou la spiritualité l'aident à se ressourcer. Elle peut absorber les émotions des autres. L'enjeu est de poser des limites protectrices pour préserver sa sensibilité."
astrology.bodyInSign.mercury.aries;astrology;2;Mercure en Bélier;missing;
astrology.bodyInSign.mercury.taurus;astrology;2;Mercure en Taureau;missing;
astrology.bodyInSign.mercury.gemini;astrology;2;Mercure en Gémeaux;missing;
astrology.bodyInSign.mercury.cancer;astrology;2;Mercure en Cancer;missing;
astrology.bodyInSign.mercury.leo;astrology;2;Mercure en Lion;missing;
astrology.bodyInSign.mercury.virgo;astrology;2;Mercure en Vierge;missing;
astrology.bodyInSign.mercury.libra;astrology;2;Mercure en Balance;missing;
astrology.bodyInSign.mercury.scorpio;astrology;2;Mercure en Scorpion;missing;
astrology.bodyInSign.mercury.sagittarius;astrology;2;Mercure en Sagittaire;missing;
astrology.bodyInSign.mercury.capricorn;astrology;2;Mercure en Capricorne;missing;
astrology.bodyInSign.mercury.aquarius;astrology;2;Mercure en Verseau;missing;
astrology.bodyInSign.mercury.pisces;astrology;2;Mercure en Poissons;missing;
astrology.bodyInSign.venus.aries;astrology;2;Vénus en Bélier;missing;
astrology.bodyInSign.venus.taurus;astrology;2;Vénus en Taureau;missing;
astrology.bodyInSign.venus.gemini;astrology;2;Vénus en Gémeaux;missing;
astrology.bodyInSign.venus.cancer;astrology;2;Vénus en Cancer;missing;
astrology.bodyInSign.venus.leo;astrology;2;Vénus en Lion;missing;
astrology.bodyInSign.venus.virgo;astrology;2;Vénus en Vierge;missing;
astrology.bodyInSign.venus.libra;astrology;2;Vénus en Balance;missing;
astrology.bodyInSign.venus.scorpio;astrology;2;Vénus en Scorpion;missing;
astrology.bodyInSign.venus.sagittarius;astrology;2;Vénus en Sagittaire;missing;
astrology.bodyInSign.venus.capricorn;astrology;2;Vénus en Capricorne;missing;
astrology.bodyInSign.venus.aquarius;astrology;2;Vénus en Verseau;missing;
astrology.bodyInSign.venus.pisces;astrology;2;Vénus en Poissons;missing;
astrology.bodyInSign.mars.aries;astrology;2;Mars en Bélier;missing;
astrology.bodyInSign.mars.taurus;astrology;2;Mars en Taureau;missing;
astrology.bodyInSign.mars.gemini;astrology;2;Mars en Gémeaux;missing;
astrology.bodyInSign.mars.cancer;astrology;2;Mars en Cancer;missing;
astrology.bodyInSign.mars.leo;astrology;2;Mars en Lion;missing;
astrology.bodyInSign.mars.virgo;astrology;2;Mars en Vierge;missing;
astrology.bodyInSign.mars.libra;astrology;2;Mars en Balance;missing;
astrology.bodyInSign.mars.scorpio;astrology;2;Mars en Scorpion;missing;
astrology.bodyInSign.mars.sagittarius;astrology;2;Mars en Sagittaire;missing;
astrology.bodyInSign.mars.capricorn;astrology;2;Mars en Capricorne;missing;
astrology.bodyInSign.mars.aquarius;astrology;2;Mars en Verseau;missing;
astrology.bodyInSign.mars.pisces;astrology;2;Mars en Poissons;missing;
astrology.bodyInSign.jupiter.aries;astrology;2;Jupiter en Bélier;missing;
astrology.bodyInSign.jupiter.taurus;astrology;2;Jupiter en Taureau;missing;
astrology.bodyInSign.jupiter.gemini;astrology;2;Jupiter en Gémeaux;missing;
astrology.bodyInSign.jupiter.cancer;astrology;2;Jupiter en Cancer;missing;
astrology.bodyInSign.jupiter.leo;astrology;2;Jupiter en Lion;missing;
astrology.bodyInSign.jupiter.virgo;astrology;2;Jupiter en Vierge;missing;
astrology.bodyInSign.jupiter.libra;astrology;2;Jupiter en Balance;missing;
astrology.bodyInSign.jupiter.scorpio;astrology;2;Jupiter en Scorpion;missing;
astrology.bodyInSign.jupiter.sagittarius;astrology;2;Jupiter en Sagittaire;missing;
astrology.bodyInSign.jupiter.capricorn;astrology;2;Jupiter en Capricorne;missing;
astrology.bodyInSign.jupiter.aquarius;astrology;2;Jupiter en Verseau;missing;
astrology.bodyInSign.jupiter.pisces;astrology;2;Jupiter en Poissons;missing;
astrology.bodyInSign.saturn.aries;astrology;2;Saturne en Bélier;missing;
astrology.bodyInSign.saturn.taurus;astrology;2;Saturne en Taureau;missing;
astrology.bodyInSign.saturn.gemini;astrology;2;Saturne en Gémeaux;missing;
astrology.bodyInSign.saturn.cancer;astrology;2;Saturne en Cancer;missing;
astrology.bodyInSign.saturn.leo;astrology;2;Saturne en Lion;missing;
astrology.bodyInSign.saturn.virgo;astrology;2;Saturne en Vierge;missing;
astrology.bodyInSign.saturn.libra;astrology;2;Saturne en Balance;missing;
astrology.bodyInSign.saturn.scorpio;astrology;2;Saturne en Scorpion;missing;
astrology.bodyInSign.saturn.sagittarius;astrology;2;Saturne en Sagittaire;missing;
astrology.bodyInSign.saturn.capricorn;astrology;2;Saturne en Capricorne;missing;
astrology.bodyInSign.saturn.aquarius;astrology;2;Saturne en Verseau;missing;
astrology.bodyInSign.saturn.pisces;astrology;2;Saturne en Poissons;missing;
astrology.bodyInSign.uranus.aries;astrology;2;Uranus en Bélier;missing;
astrology.bodyInSign.uranus.taurus;astrology;2;Uranus en Taureau;missing;
astrology.bodyInSign.uranus.gemini;astrology;2;Uranus en Gémeaux;missing;
astrology.bodyInSign.uranus.cancer;astrology;2;Uranus en Cancer;missing;
astrology.bodyInSign.uranus.leo;astrology;2;Uranus en Lion;missing;
astrology.bodyInSign.uranus.virgo;astrology;2;Uranus en Vierge;missing;
astrology.bodyInSign.uranus.libra;astrology;2;Uranus en Balance;missing;
astrology.bodyInSign.uranus.scorpio;astrology;2;Uranus en Scorpion;missing;
astrology.bodyInSign.uranus.sagittarius;astrology;2;Uranus en Sagittaire;missing;
astrology.bodyInSign.uranus.capricorn;astrology;2;Uranus en Capricorne;missing;
astrology.bodyInSign.uranus.aquarius;astrology;2;Uranus en Verseau;missing;
astrology.bodyInSign.uranus.pisces;astrology;2;Uranus en Poissons;missing;
astrology.bodyInSign.neptune.aries;astrology;2;Neptune en Bélier;missing;
astrology.bodyInSign.neptune.taurus;astrology;2;Neptune en Taureau;missing;
astrology.bodyInSign.neptune.gemini;astrology;2;Neptune en Gémeaux;missing;
astrology.bodyInSign.neptune.cancer;astrology;2;Neptune en Cancer;missing;
astrology.bodyInSign.neptune.leo;astrology;2;Neptune en Lion;missing;
astrology.bodyInSign.neptune.virgo;astrology;2;Neptune en Vierge;missing;
astrology.bodyInSign.neptune.libra;astrology;2;Neptune en Balance;missing;
astrology.bodyInSign.neptune.scorpio;astrology;2;Neptune en Scorpion;missing;
astrology.bodyInSign.neptune.sagittarius;astrology;2;Neptune en Sagittaire;missing;
astrology.bodyInSign.neptune.capricorn;astrology;2;Neptune en Capricorne;missing;
astrology.bodyInSign.neptune.aquarius;astrology;2;Neptune en Verseau;missing;
astrology.bodyInSign.neptune.pisces;astrology;2;Neptune en Poissons;missing;
astrology.bodyInSign.pluto.aries;astrology;2;Pluton en Bélier;missing;
astrology.bodyInSign.pluto.taurus;astrology;2;Pluton en Taureau;missing;
astrology.bodyInSign.pluto.gemini;astrology;2;Pluton en Gémeaux;missing;
astrology.bodyInSign.pluto.cancer;astrology;2;Pluton en Cancer;missing;
astrology.bodyInSign.pluto.leo;astrology;2;Pluton en Lion;missing;
astrology.bodyInSign.pluto.virgo;astrology;2;Pluton en Vierge;missing;
astrology.bodyInSign.pluto.libra;astrology;2;Pluton en Balance;missing;
astrology.bodyInSign.pluto.scorpio;astrology;2;Pluton en Scorpion;missing;
astrology.bodyInSign.pluto.sagittarius;astrology;2;Pluton en Sagittaire;missing;
astrology.bodyInSign.pluto.capricorn;astrology;2;Pluton en Capricorne;missing;
astrology.bodyInSign.pluto.aquarius;astrology;2;Pluton en Verseau;missing;
astrology.bodyInSign.pluto.pisces;astrology;2;Pluton en Poissons;missing;
astrology.bodyInSign.northNode.aries;astrology;2;Nœud Nord en Bélier;missing;
astrology.bodyInSign.northNode.taurus;astrology;2;Nœud Nord en Taureau;missing;
astrology.bodyInSign.northNode.gemini;astrology;2;Nœud Nord en Gémeaux;missing;
astrology.bodyInSign.northNode.cancer;astrology;2;Nœud Nord en Cancer;missing;
astrology.bodyInSign.northNode.leo;astrology;2;Nœud Nord en Lion;missing;
astrology.bodyInSign.northNode.virgo;astrology;2;Nœud Nord en Vierge;missing;
astrology.bodyInSign.northNode.libra;astrology;2;Nœud Nord en Balance;missing;
astrology.bodyInSign.northNode.scorpio;astrology;2;Nœud Nord en Scorpion;missing;
astrology.bodyInSign.northNode.sagittarius;astrology;2;Nœud Nord en Sagittaire;missing;
astrology.bodyInSign.northNode.capricorn;astrology;2;Nœud Nord en Capricorne;missing;
astrology.bodyInSign.northNode.aquarius;astrology;2;Nœud Nord en Verseau;missing;
astrology.bodyInSign.northNode.pisces;astrology;2;Nœud Nord en Poissons;missing;
astrology.bodyInSign.southNode.aries;astrology;2;Nœud Sud en Bélier;missing;
astrology.bodyInSign.southNode.taurus;astrology;2;Nœud Sud en Taureau;missing;
astrology.bodyInSign.southNode.gemini;astrology;2;Nœud Sud en Gémeaux;missing;
astrology.bodyInSign.southNode.cancer;astrology;2;Nœud Sud en Cancer;missing;
astrology.bodyInSign.southNode.leo;astrology;2;Nœud Sud en Lion;missing;
astrology.bodyInSign.southNode.virgo;astrology;2;Nœud Sud en Vierge;missing;
astrology.bodyInSign.southNode.libra;astrology;2;Nœud Sud en Balance;missing;
astrology.bodyInSign.southNode.scorpio;astrology;2;Nœud Sud en Scorpion;missing;
astrology.bodyInSign.southNode.sagittarius;astrology;2;Nœud Sud en Sagittaire;missing;
astrology.bodyInSign.southNode.capricorn;astrology;2;Nœud Sud en Capricorne;missing;
astrology.bodyInSign.southNode.aquarius;astrology;2;Nœud Sud en Verseau;missing;
astrology.bodyInSign.southNode.pisces;astrology;2;Nœud Sud en Poissons;missing;
astrology.angleInSign.ascendant.aries;astrology;1;Ascendant en Bélier;draft;"L'Ascendant Bélier donne une manière directe et dynamique d'aborder la vie. La personne se lance volontiers, réagit vite et dégage une impression d'énergie et de franchise. Elle apprend en agissant. Cette spontanéité peut paraître brusque ; l'enjeu est de canaliser l'élan initial pour l'inscrire dans la durée."
astrology.angleInSign.ascendant.taurus;astrology;1;Ascendant en Taureau;draft;"L'Ascendant Taureau donne une approche calme, posée et concrète. La personne inspire confiance, prend le temps d'évaluer avant de s'engager et privilégie ce qui est durable. Elle dégage souvent une présence apaisante. L'enjeu est de rester ouverte aux changements nécessaires sans s'y opposer par principe."
astrology.angleInSign.ascendant.gemini;astrology;1;Ascendant en Gémeaux;draft;"L'Ascendant Gémeaux donne une approche curieuse, communicative et adaptable. La personne entre en contact facilement, pose des questions et aime explorer plusieurs pistes. Elle apparaît vive et sociable. L'enjeu est de choisir et d'approfondir, pour que la diversité des intérêts devienne une véritable compétence."
astrology.angleInSign.ascendant.cancer;astrology;1;Ascendant en Cancer;draft;"L'Ascendant Cancer donne une approche sensible et protectrice. La personne observe avant de s'ouvrir, perçoit l'ambiance et crée facilement un climat de confiance. Elle peut sembler réservée au premier abord. L'enjeu est de ne pas laisser la prudence l'empêcher d'aller vers ce qui la fait grandir."
astrology.angleInSign.ascendant.leo;astrology;1;Ascendant en Lion;draft;"L'Ascendant Lion donne une présence chaleureuse et visible. La personne aborde la vie avec fierté, générosité et un certain sens de la mise en scène. Elle est souvent remarquée et aime encourager les autres. L'enjeu est que cette présence reste au service de l'authenticité plutôt que de l'image."
astrology.angleInSign.ascendant.virgo;astrology;1;Ascendant en Vierge;draft;"L'Ascendant Vierge donne une approche attentive, réfléchie et méthodique. La personne observe les détails, cherche à comprendre comment les choses fonctionnent et à se rendre utile. Elle peut paraître discrète ou exigeante. L'enjeu est de faire confiance à sa valeur sans attendre d'avoir tout maîtrisé."
astrology.angleInSign.ascendant.libra;astrology;1;Ascendant en Balance;draft;"L'Ascendant Balance donne une approche courtoise, diplomate et sensible à l'esthétique. La personne cherche spontanément l'accord, sait mettre à l'aise et apprécie la coopération. L'enjeu est de s'affirmer clairement lorsque l'harmonie demande de dire non."
astrology.angleInSign.ascendant.scorpio;astrology;1;Ascendant en Scorpion;draft;"L'Ascendant Scorpion donne une présence intense et magnétique. La personne observe beaucoup, se dévoile peu au départ et perçoit rapidement les enjeux cachés d'une situation. Elle va droit à l'essentiel. L'enjeu est d'accorder sa confiance progressivement, sans rester en permanence sur la défensive."
astrology.angleInSign.ascendant.sagittarius;astrology;1;Ascendant en Sagittaire;draft;"L'Ascendant Sagittaire donne une approche ouverte, optimiste et enthousiaste. La personne aime découvrir, bouger, partager ses idées et voit d'abord les possibilités. Elle inspire par son élan. L'enjeu est de tenir compte des contraintes concrètes sans perdre cette confiance dans la vie."
astrology.angleInSign.ascendant.capricorn;astrology;1;Ascendant en Capricorne;draft;"L'Ascendant Capricorne donne une approche sérieuse, prudente et responsable. La personne paraît souvent mature, fiable et maîtresse d'elle-même ; elle avance avec méthode. Elle peut se montrer réservée au premier contact. L'enjeu est d'accueillir la légèreté et la spontanéité à côté de l'ambition."
astrology.angleInSign.ascendant.aquarius;astrology;1;Ascendant en Verseau;draft;"L'Ascendant Verseau donne une approche originale, ouverte et indépendante. La personne aborde les situations avec un regard neuf et amical, et se sent à l'aise dans les groupes. Elle peut sembler détachée. L'enjeu est de laisser apparaître aussi sa part sensible derrière la liberté affichée."
astrology.angleInSign.ascendant.pisces;astrology;1;Ascendant en Poissons;draft;"L'Ascendant Poissons donne une approche douce, intuitive et réceptive. La personne s'adapte aux ambiances, perçoit beaucoup sans le dire et dégage une impression de bienveillance. Elle peut avoir du mal à poser des limites. L'enjeu est de rester fidèle à son ressenti tout en gardant des repères clairs."
astrology.angleInSign.midheaven.aries;astrology;3;Milieu du Ciel en Bélier;missing;
astrology.angleInSign.midheaven.taurus;astrology;3;Milieu du Ciel en Taureau;missing;
astrology.angleInSign.midheaven.gemini;astrology;3;Milieu du Ciel en Gémeaux;missing;
astrology.angleInSign.midheaven.cancer;astrology;3;Milieu du Ciel en Cancer;missing;
astrology.angleInSign.midheaven.leo;astrology;3;Milieu du Ciel en Lion;missing;
astrology.angleInSign.midheaven.virgo;astrology;3;Milieu du Ciel en Vierge;missing;
astrology.angleInSign.midheaven.libra;astrology;3;Milieu du Ciel en Balance;missing;
astrology.angleInSign.midheaven.scorpio;astrology;3;Milieu du Ciel en Scorpion;missing;
astrology.angleInSign.midheaven.sagittarius;astrology;3;Milieu du Ciel en Sagittaire;missing;
astrology.angleInSign.midheaven.capricorn;astrology;3;Milieu du Ciel en Capricorne;missing;
astrology.angleInSign.midheaven.aquarius;astrology;3;Milieu du Ciel en Verseau;missing;
astrology.angleInSign.midheaven.pisces;astrology;3;Milieu du Ciel en Poissons;missing;
astrology.angleInSign.descendant.aries;astrology;3;Descendant en Bélier;missing;
astrology.angleInSign.descendant.taurus;astrology;3;Descendant en Taureau;missing;
astrology.angleInSign.descendant.gemini;astrology;3;Descendant en Gémeaux;missing;
astrology.angleInSign.descendant.cancer;astrology;3;Descendant en Cancer;missing;
astrology.angleInSign.descendant.leo;astrology;3;Descendant en Lion;missing;
astrology.angleInSign.descendant.virgo;astrology;3;Descendant en Vierge;missing;
astrology.angleInSign.descendant.libra;astrology;3;Descendant en Balance;missing;
astrology.angleInSign.descendant.scorpio;astrology;3;Descendant en Scorpion;missing;
astrology.angleInSign.descendant.sagittarius;astrology;3;Descendant en Sagittaire;missing;
astrology.angleInSign.descendant.capricorn;astrology;3;Descendant en Capricorne;missing;
astrology.angleInSign.descendant.aquarius;astrology;3;Descendant en Verseau;missing;
astrology.angleInSign.descendant.pisces;astrology;3;Descendant en Poissons;missing;
astrology.angleInSign.imumCoeli.aries;astrology;3;Fond du Ciel en Bélier;missing;
astrology.angleInSign.imumCoeli.taurus;astrology;3;Fond du Ciel en Taureau;missing;
astrology.angleInSign.imumCoeli.gemini;astrology;3;Fond du Ciel en Gémeaux;missing;
astrology.angleInSign.imumCoeli.cancer;astrology;3;Fond du Ciel en Cancer;missing;
astrology.angleInSign.imumCoeli.leo;astrology;3;Fond du Ciel en Lion;missing;
astrology.angleInSign.imumCoeli.virgo;astrology;3;Fond du Ciel en Vierge;missing;
astrology.angleInSign.imumCoeli.libra;astrology;3;Fond du Ciel en Balance;missing;
astrology.angleInSign.imumCoeli.scorpio;astrology;3;Fond du Ciel en Scorpion;missing;
astrology.angleInSign.imumCoeli.sagittarius;astrology;3;Fond du Ciel en Sagittaire;missing;
astrology.angleInSign.imumCoeli.capricorn;astrology;3;Fond du Ciel en Capricorne;missing;
astrology.angleInSign.imumCoeli.aquarius;astrology;3;Fond du Ciel en Verseau;missing;
astrology.angleInSign.imumCoeli.pisces;astrology;3;Fond du Ciel en Poissons;missing;
astrology.bodyInHouse.sun.1;astrology;3;Soleil en maison 1;missing;
astrology.bodyInHouse.sun.2;astrology;3;Soleil en maison 2;missing;
astrology.bodyInHouse.sun.3;astrology;3;Soleil en maison 3;missing;
astrology.bodyInHouse.sun.4;astrology;3;Soleil en maison 4;missing;
astrology.bodyInHouse.sun.5;astrology;3;Soleil en maison 5;missing;
astrology.bodyInHouse.sun.6;astrology;3;Soleil en maison 6;missing;
astrology.bodyInHouse.sun.7;astrology;3;Soleil en maison 7;missing;
astrology.bodyInHouse.sun.8;astrology;3;Soleil en maison 8;missing;
astrology.bodyInHouse.sun.9;astrology;3;Soleil en maison 9;missing;
astrology.bodyInHouse.sun.10;astrology;3;Soleil en maison 10;missing;
astrology.bodyInHouse.sun.11;astrology;3;Soleil en maison 11;missing;
astrology.bodyInHouse.sun.12;astrology;3;Soleil en maison 12;missing;
astrology.bodyInHouse.moon.1;astrology;3;Lune en maison 1;missing;
astrology.bodyInHouse.moon.2;astrology;3;Lune en maison 2;missing;
astrology.bodyInHouse.moon.3;astrology;3;Lune en maison 3;missing;
astrology.bodyInHouse.moon.4;astrology;3;Lune en maison 4;missing;
astrology.bodyInHouse.moon.5;astrology;3;Lune en maison 5;missing;
astrology.bodyInHouse.moon.6;astrology;3;Lune en maison 6;missing;
astrology.bodyInHouse.moon.7;astrology;3;Lune en maison 7;missing;
astrology.bodyInHouse.moon.8;astrology;3;Lune en maison 8;missing;
astrology.bodyInHouse.moon.9;astrology;3;Lune en maison 9;missing;
astrology.bodyInHouse.moon.10;astrology;3;Lune en maison 10;missing;
astrology.bodyInHouse.moon.11;astrology;3;Lune en maison 11;missing;
astrology.bodyInHouse.moon.12;astrology;3;Lune en maison 12;missing;
astrology.bodyInHouse.mercury.1;astrology;3;Mercure en maison 1;missing;
astrology.bodyInHouse.mercury.2;astrology;3;Mercure en maison 2;missing;
astrology.bodyInHouse.mercury.3;astrology;3;Mercure en maison 3;missing;
astrology.bodyInHouse.mercury.4;astrology;3;Mercure en maison 4;missing;
astrology.bodyInHouse.mercury.5;astrology;3;Mercure en maison 5;missing;
astrology.bodyInHouse.mercury.6;astrology;3;Mercure en maison 6;missing;
astrology.bodyInHouse.mercury.7;astrology;3;Mercure en maison 7;missing;
astrology.bodyInHouse.mercury.8;astrology;3;Mercure en maison 8;missing;
astrology.bodyInHouse.mercury.9;astrology;3;Mercure en maison 9;missing;
astrology.bodyInHouse.mercury.10;astrology;3;Mercure en maison 10;missing;
astrology.bodyInHouse.mercury.11;astrology;3;Mercure en maison 11;missing;
astrology.bodyInHouse.mercury.12;astrology;3;Mercure en maison 12;missing;
astrology.bodyInHouse.venus.1;astrology;3;Vénus en maison 1;missing;
astrology.bodyInHouse.venus.2;astrology;3;Vénus en maison 2;missing;
astrology.bodyInHouse.venus.3;astrology;3;Vénus en maison 3;missing;
astrology.bodyInHouse.venus.4;astrology;3;Vénus en maison 4;missing;
astrology.bodyInHouse.venus.5;astrology;3;Vénus en maison 5;missing;
astrology.bodyInHouse.venus.6;astrology;3;Vénus en maison 6;missing;
astrology.bodyInHouse.venus.7;astrology;3;Vénus en maison 7;missing;
astrology.bodyInHouse.venus.8;astrology;3;Vénus en maison 8;missing;
astrology.bodyInHouse.venus.9;astrology;3;Vénus en maison 9;missing;
astrology.bodyInHouse.venus.10;astrology;3;Vénus en maison 10;missing;
astrology.bodyInHouse.venus.11;astrology;3;Vénus en maison 11;missing;
astrology.bodyInHouse.venus.12;astrology;3;Vénus en maison 12;missing;
astrology.bodyInHouse.mars.1;astrology;3;Mars en maison 1;missing;
astrology.bodyInHouse.mars.2;astrology;3;Mars en maison 2;missing;
astrology.bodyInHouse.mars.3;astrology;3;Mars en maison 3;missing;
astrology.bodyInHouse.mars.4;astrology;3;Mars en maison 4;missing;
astrology.bodyInHouse.mars.5;astrology;3;Mars en maison 5;missing;
astrology.bodyInHouse.mars.6;astrology;3;Mars en maison 6;missing;
astrology.bodyInHouse.mars.7;astrology;3;Mars en maison 7;missing;
astrology.bodyInHouse.mars.8;astrology;3;Mars en maison 8;missing;
astrology.bodyInHouse.mars.9;astrology;3;Mars en maison 9;missing;
astrology.bodyInHouse.mars.10;astrology;3;Mars en maison 10;missing;
astrology.bodyInHouse.mars.11;astrology;3;Mars en maison 11;missing;
astrology.bodyInHouse.mars.12;astrology;3;Mars en maison 12;missing;
astrology.bodyInHouse.jupiter.1;astrology;3;Jupiter en maison 1;missing;
astrology.bodyInHouse.jupiter.2;astrology;3;Jupiter en maison 2;missing;
astrology.bodyInHouse.jupiter.3;astrology;3;Jupiter en maison 3;missing;
astrology.bodyInHouse.jupiter.4;astrology;3;Jupiter en maison 4;missing;
astrology.bodyInHouse.jupiter.5;astrology;3;Jupiter en maison 5;missing;
astrology.bodyInHouse.jupiter.6;astrology;3;Jupiter en maison 6;missing;
astrology.bodyInHouse.jupiter.7;astrology;3;Jupiter en maison 7;missing;
astrology.bodyInHouse.jupiter.8;astrology;3;Jupiter en maison 8;missing;
astrology.bodyInHouse.jupiter.9;astrology;3;Jupiter en maison 9;missing;
astrology.bodyInHouse.jupiter.10;astrology;3;Jupiter en maison 10;missing;
astrology.bodyInHouse.jupiter.11;astrology;3;Jupiter en maison 11;missing;
astrology.bodyInHouse.jupiter.12;astrology;3;Jupiter en maison 12;missing;
astrology.bodyInHouse.saturn.1;astrology;3;Saturne en maison 1;missing;
astrology.bodyInHouse.saturn.2;astrology;3;Saturne en maison 2;missing;
astrology.bodyInHouse.saturn.3;astrology;3;Saturne en maison 3;missing;
astrology.bodyInHouse.saturn.4;astrology;3;Saturne en maison 4;missing;
astrology.bodyInHouse.saturn.5;astrology;3;Saturne en maison 5;missing;
astrology.bodyInHouse.saturn.6;astrology;3;Saturne en maison 6;missing;
astrology.bodyInHouse.saturn.7;astrology;3;Saturne en maison 7;missing;
astrology.bodyInHouse.saturn.8;astrology;3;Saturne en maison 8;missing;
astrology.bodyInHouse.saturn.9;astrology;3;Saturne en maison 9;missing;
astrology.bodyInHouse.saturn.10;astrology;3;Saturne en maison 10;missing;
astrology.bodyInHouse.saturn.11;astrology;3;Saturne en maison 11;missing;
astrology.bodyInHouse.saturn.12;astrology;3;Saturne en maison 12;missing;
astrology.bodyInHouse.uranus.1;astrology;3;Uranus en maison 1;missing;
astrology.bodyInHouse.uranus.2;astrology;3;Uranus en maison 2;missing;
astrology.bodyInHouse.uranus.3;astrology;3;Uranus en maison 3;missing;
astrology.bodyInHouse.uranus.4;astrology;3;Uranus en maison 4;missing;
astrology.bodyInHouse.uranus.5;astrology;3;Uranus en maison 5;missing;
astrology.bodyInHouse.uranus.6;astrology;3;Uranus en maison 6;missing;
astrology.bodyInHouse.uranus.7;astrology;3;Uranus en maison 7;missing;
astrology.bodyInHouse.uranus.8;astrology;3;Uranus en maison 8;missing;
astrology.bodyInHouse.uranus.9;astrology;3;Uranus en maison 9;missing;
astrology.bodyInHouse.uranus.10;astrology;3;Uranus en maison 10;missing;
astrology.bodyInHouse.uranus.11;astrology;3;Uranus en maison 11;missing;
astrology.bodyInHouse.uranus.12;astrology;3;Uranus en maison 12;missing;
astrology.bodyInHouse.neptune.1;astrology;3;Neptune en maison 1;missing;
astrology.bodyInHouse.neptune.2;astrology;3;Neptune en maison 2;missing;
astrology.bodyInHouse.neptune.3;astrology;3;Neptune en maison 3;missing;
astrology.bodyInHouse.neptune.4;astrology;3;Neptune en maison 4;missing;
astrology.bodyInHouse.neptune.5;astrology;3;Neptune en maison 5;missing;
astrology.bodyInHouse.neptune.6;astrology;3;Neptune en maison 6;missing;
astrology.bodyInHouse.neptune.7;astrology;3;Neptune en maison 7;missing;
astrology.bodyInHouse.neptune.8;astrology;3;Neptune en maison 8;missing;
astrology.bodyInHouse.neptune.9;astrology;3;Neptune en maison 9;missing;
astrology.bodyInHouse.neptune.10;astrology;3;Neptune en maison 10;missing;
astrology.bodyInHouse.neptune.11;astrology;3;Neptune en maison 11;missing;
astrology.bodyInHouse.neptune.12;astrology;3;Neptune en maison 12;missing;
astrology.bodyInHouse.pluto.1;astrology;3;Pluton en maison 1;missing;
astrology.bodyInHouse.pluto.2;astrology;3;Pluton en maison 2;missing;
astrology.bodyInHouse.pluto.3;astrology;3;Pluton en maison 3;missing;
astrology.bodyInHouse.pluto.4;astrology;3;Pluton en maison 4;missing;
astrology.bodyInHouse.pluto.5;astrology;3;Pluton en maison 5;missing;
astrology.bodyInHouse.pluto.6;astrology;3;Pluton en maison 6;missing;
astrology.bodyInHouse.pluto.7;astrology;3;Pluton en maison 7;missing;
astrology.bodyInHouse.pluto.8;astrology;3;Pluton en maison 8;missing;
astrology.bodyInHouse.pluto.9;astrology;3;Pluton en maison 9;missing;
astrology.bodyInHouse.pluto.10;astrology;3;Pluton en maison 10;missing;
astrology.bodyInHouse.pluto.11;astrology;3;Pluton en maison 11;missing;
astrology.bodyInHouse.pluto.12;astrology;3;Pluton en maison 12;missing;
astrology.bodyInHouse.northNode.1;astrology;3;Nœud Nord en maison 1;missing;
astrology.bodyInHouse.northNode.2;astrology;3;Nœud Nord en maison 2;missing;
astrology.bodyInHouse.northNode.3;astrology;3;Nœud Nord en maison 3;missing;
astrology.bodyInHouse.northNode.4;astrology;3;Nœud Nord en maison 4;missing;
astrology.bodyInHouse.northNode.5;astrology;3;Nœud Nord en maison 5;missing;
astrology.bodyInHouse.northNode.6;astrology;3;Nœud Nord en maison 6;missing;
astrology.bodyInHouse.northNode.7;astrology;3;Nœud Nord en maison 7;missing;
astrology.bodyInHouse.northNode.8;astrology;3;Nœud Nord en maison 8;missing;
astrology.bodyInHouse.northNode.9;astrology;3;Nœud Nord en maison 9;missing;
astrology.bodyInHouse.northNode.10;astrology;3;Nœud Nord en maison 10;missing;
astrology.bodyInHouse.northNode.11;astrology;3;Nœud Nord en maison 11;missing;
astrology.bodyInHouse.northNode.12;astrology;3;Nœud Nord en maison 12;missing;
astrology.bodyInHouse.southNode.1;astrology;3;Nœud Sud en maison 1;missing;
astrology.bodyInHouse.southNode.2;astrology;3;Nœud Sud en maison 2;missing;
astrology.bodyInHouse.southNode.3;astrology;3;Nœud Sud en maison 3;missing;
astrology.bodyInHouse.southNode.4;astrology;3;Nœud Sud en maison 4;missing;
astrology.bodyInHouse.southNode.5;astrology;3;Nœud Sud en maison 5;missing;
astrology.bodyInHouse.southNode.6;astrology;3;Nœud Sud en maison 6;missing;
astrology.bodyInHouse.southNode.7;astrology;3;Nœud Sud en maison 7;missing;
astrology.bodyInHouse.southNode.8;astrology;3;Nœud Sud en maison 8;missing;
astrology.bodyInHouse.southNode.9;astrology;3;Nœud Sud en maison 9;missing;
astrology.bodyInHouse.southNode.10;astrology;3;Nœud Sud en maison 10;missing;
astrology.bodyInHouse.southNode.11;astrology;3;Nœud Sud en maison 11;missing;
astrology.bodyInHouse.southNode.12;astrology;3;Nœud Sud en maison 12;missing;
astrology.houseInSign.1.aries;astrology;3;Maison 1 en Bélier;missing;
astrology.houseInSign.1.taurus;astrology;3;Maison 1 en Taureau;missing;
astrology.houseInSign.1.gemini;astrology;3;Maison 1 en Gémeaux;missing;
astrology.houseInSign.1.cancer;astrology;3;Maison 1 en Cancer;missing;
astrology.houseInSign.1.leo;astrology;3;Maison 1 en Lion;missing;
astrology.houseInSign.1.virgo;astrology;3;Maison 1 en Vierge;missing;
astrology.houseInSign.1.libra;astrology;3;Maison 1 en Balance;missing;
astrology.houseInSign.1.scorpio;astrology;3;Maison 1 en Scorpion;missing;
astrology.houseInSign.1.sagittarius;astrology;3;Maison 1 en Sagittaire;missing;
astrology.houseInSign.1.capricorn;astrology;3;Maison 1 en Capricorne;missing;
astrology.houseInSign.1.aquarius;astrology;3;Maison 1 en Verseau;missing;
astrology.houseInSign.1.pisces;astrology;3;Maison 1 en Poissons;missing;
astrology.houseInSign.2.aries;astrology;3;Maison 2 en Bélier;missing;
astrology.houseInSign.2.taurus;astrology;3;Maison 2 en Taureau;missing;
astrology.houseInSign.2.gemini;astrology;3;Maison 2 en Gémeaux;missing;
astrology.houseInSign.2.cancer;astrology;3;Maison 2 en Cancer;missing;
astrology.houseInSign.2.leo;astrology;3;Maison 2 en Lion;missing;
astrology.houseInSign.2.virgo;astrology;3;Maison 2 en Vierge;missing;
astrology.houseInSign.2.libra;astrology;3;Maison 2 en Balance;missing;
astrology.houseInSign.2.scorpio;astrology;3;Maison 2 en Scorpion;missing;
astrology.houseInSign.2.sagittarius;astrology;3;Maison 2 en Sagittaire;missing;
astrology.houseInSign.2.capricorn;astrology;3;Maison 2 en Capricorne;missing;
astrology.houseInSign.2.aquarius;astrology;3;Maison 2 en Verseau;missing;
astrology.houseInSign.2.pisces;astrology;3;Maison 2 en Poissons;missing;
astrology.houseInSign.3.aries;astrology;3;Maison 3 en Bélier;missing;
astrology.houseInSign.3.taurus;astrology;3;Maison 3 en Taureau;missing;
astrology.houseInSign.3.gemini;astrology;3;Maison 3 en Gémeaux;missing;
astrology.houseInSign.3.cancer;astrology;3;Maison 3 en Cancer;missing;
astrology.houseInSign.3.leo;astrology;3;Maison 3 en Lion;missing;
astrology.houseInSign.3.virgo;astrology;3;Maison 3 en Vierge;missing;
astrology.houseInSign.3.libra;astrology;3;Maison 3 en Balance;missing;
astrology.houseInSign.3.scorpio;astrology;3;Maison 3 en Scorpion;missing;
astrology.houseInSign.3.sagittarius;astrology;3;Maison 3 en Sagittaire;missing;
astrology.houseInSign.3.capricorn;astrology;3;Maison 3 en Capricorne;missing;
astrology.houseInSign.3.aquarius;astrology;3;Maison 3 en Verseau;missing;
astrology.houseInSign.3.pisces;astrology;3;Maison 3 en Poissons;missing;
astrology.houseInSign.4.aries;astrology;3;Maison 4 en Bélier;missing;
astrology.houseInSign.4.taurus;astrology;3;Maison 4 en Taureau;missing;
astrology.houseInSign.4.gemini;astrology;3;Maison 4 en Gémeaux;missing;
astrology.houseInSign.4.cancer;astrology;3;Maison 4 en Cancer;missing;
astrology.houseInSign.4.leo;astrology;3;Maison 4 en Lion;missing;
astrology.houseInSign.4.virgo;astrology;3;Maison 4 en Vierge;missing;
astrology.houseInSign.4.libra;astrology;3;Maison 4 en Balance;missing;
astrology.houseInSign.4.scorpio;astrology;3;Maison 4 en Scorpion;missing;
astrology.houseInSign.4.sagittarius;astrology;3;Maison 4 en Sagittaire;missing;
astrology.houseInSign.4.capricorn;astrology;3;Maison 4 en Capricorne;missing;
astrology.houseInSign.4.aquarius;astrology;3;Maison 4 en Verseau;missing;
astrology.houseInSign.4.pisces;astrology;3;Maison 4 en Poissons;missing;
astrology.houseInSign.5.aries;astrology;3;Maison 5 en Bélier;missing;
astrology.houseInSign.5.taurus;astrology;3;Maison 5 en Taureau;missing;
astrology.houseInSign.5.gemini;astrology;3;Maison 5 en Gémeaux;missing;
astrology.houseInSign.5.cancer;astrology;3;Maison 5 en Cancer;missing;
astrology.houseInSign.5.leo;astrology;3;Maison 5 en Lion;missing;
astrology.houseInSign.5.virgo;astrology;3;Maison 5 en Vierge;missing;
astrology.houseInSign.5.libra;astrology;3;Maison 5 en Balance;missing;
astrology.houseInSign.5.scorpio;astrology;3;Maison 5 en Scorpion;missing;
astrology.houseInSign.5.sagittarius;astrology;3;Maison 5 en Sagittaire;missing;
astrology.houseInSign.5.capricorn;astrology;3;Maison 5 en Capricorne;missing;
astrology.houseInSign.5.aquarius;astrology;3;Maison 5 en Verseau;missing;
astrology.houseInSign.5.pisces;astrology;3;Maison 5 en Poissons;missing;
astrology.houseInSign.6.aries;astrology;3;Maison 6 en Bélier;missing;
astrology.houseInSign.6.taurus;astrology;3;Maison 6 en Taureau;missing;
astrology.houseInSign.6.gemini;astrology;3;Maison 6 en Gémeaux;missing;
astrology.houseInSign.6.cancer;astrology;3;Maison 6 en Cancer;missing;
astrology.houseInSign.6.leo;astrology;3;Maison 6 en Lion;missing;
astrology.houseInSign.6.virgo;astrology;3;Maison 6 en Vierge;missing;
astrology.houseInSign.6.libra;astrology;3;Maison 6 en Balance;missing;
astrology.houseInSign.6.scorpio;astrology;3;Maison 6 en Scorpion;missing;
astrology.houseInSign.6.sagittarius;astrology;3;Maison 6 en Sagittaire;missing;
astrology.houseInSign.6.capricorn;astrology;3;Maison 6 en Capricorne;missing;
astrology.houseInSign.6.aquarius;astrology;3;Maison 6 en Verseau;missing;
astrology.houseInSign.6.pisces;astrology;3;Maison 6 en Poissons;missing;
astrology.houseInSign.7.aries;astrology;3;Maison 7 en Bélier;missing;
astrology.houseInSign.7.taurus;astrology;3;Maison 7 en Taureau;missing;
astrology.houseInSign.7.gemini;astrology;3;Maison 7 en Gémeaux;missing;
astrology.houseInSign.7.cancer;astrology;3;Maison 7 en Cancer;missing;
astrology.houseInSign.7.leo;astrology;3;Maison 7 en Lion;missing;
astrology.houseInSign.7.virgo;astrology;3;Maison 7 en Vierge;missing;
astrology.houseInSign.7.libra;astrology;3;Maison 7 en Balance;missing;
astrology.houseInSign.7.scorpio;astrology;3;Maison 7 en Scorpion;missing;
astrology.houseInSign.7.sagittarius;astrology;3;Maison 7 en Sagittaire;missing;
astrology.houseInSign.7.capricorn;astrology;3;Maison 7 en Capricorne;missing;
astrology.houseInSign.7.aquarius;astrology;3;Maison 7 en Verseau;missing;
astrology.houseInSign.7.pisces;astrology;3;Maison 7 en Poissons;missing;
astrology.houseInSign.8.aries;astrology;3;Maison 8 en Bélier;missing;
astrology.houseInSign.8.taurus;astrology;3;Maison 8 en Taureau;missing;
astrology.houseInSign.8.gemini;astrology;3;Maison 8 en Gémeaux;missing;
astrology.houseInSign.8.cancer;astrology;3;Maison 8 en Cancer;missing;
astrology.houseInSign.8.leo;astrology;3;Maison 8 en Lion;missing;
astrology.houseInSign.8.virgo;astrology;3;Maison 8 en Vierge;missing;
astrology.houseInSign.8.libra;astrology;3;Maison 8 en Balance;missing;
astrology.houseInSign.8.scorpio;astrology;3;Maison 8 en Scorpion;missing;
astrology.houseInSign.8.sagittarius;astrology;3;Maison 8 en Sagittaire;missing;
astrology.houseInSign.8.capricorn;astrology;3;Maison 8 en Capricorne;missing;
astrology.houseInSign.8.aquarius;astrology;3;Maison 8 en Verseau;missing;
astrology.houseInSign.8.pisces;astrology;3;Maison 8 en Poissons;missing;
astrology.houseInSign.9.aries;astrology;3;Maison 9 en Bélier;missing;
astrology.houseInSign.9.taurus;astrology;3;Maison 9 en Taureau;missing;
astrology.houseInSign.9.gemini;astrology;3;Maison 9 en Gémeaux;missing;
astrology.houseInSign.9.cancer;astrology;3;Maison 9 en Cancer;missing;
astrology.houseInSign.9.leo;astrology;3;Maison 9 en Lion;missing;
astrology.houseInSign.9.virgo;astrology;3;Maison 9 en Vierge;missing;
astrology.houseInSign.9.libra;astrology;3;Maison 9 en Balance;missing;
astrology.houseInSign.9.scorpio;astrology;3;Maison 9 en Scorpion;missing;
astrology.houseInSign.9.sagittarius;astrology;3;Maison 9 en Sagittaire;missing;
astrology.houseInSign.9.capricorn;astrology;3;Maison 9 en Capricorne;missing;
astrology.houseInSign.9.aquarius;astrology;3;Maison 9 en Verseau;missing;
astrology.houseInSign.9.pisces;astrology;3;Maison 9 en Poissons;missing;
astrology.houseInSign.10.aries;astrology;3;Maison 10 en Bélier;missing;
astrology.houseInSign.10.taurus;astrology;3;Maison 10 en Taureau;missing;
astrology.houseInSign.10.gemini;astrology;3;Maison 10 en Gémeaux;missing;
astrology.houseInSign.10.cancer;astrology;3;Maison 10 en Cancer;missing;
astrology.houseInSign.10.leo;astrology;3;Maison 10 en Lion;missing;
astrology.houseInSign.10.virgo;astrology;3;Maison 10 en Vierge;missing;
astrology.houseInSign.10.libra;astrology;3;Maison 10 en Balance;missing;
astrology.houseInSign.10.scorpio;astrology;3;Maison 10 en Scorpion;missing;
astrology.houseInSign.10.sagittarius;astrology;3;Maison 10 en Sagittaire;missing;
astrology.houseInSign.10.capricorn;astrology;3;Maison 10 en Capricorne;missing;
astrology.houseInSign.10.aquarius;astrology;3;Maison 10 en Verseau;missing;
astrology.houseInSign.10.pisces;astrology;3;Maison 10 en Poissons;missing;
astrology.houseInSign.11.aries;astrology;3;Maison 11 en Bélier;missing;
astrology.houseInSign.11.taurus;astrology;3;Maison 11 en Taureau;missing;
astrology.houseInSign.11.gemini;astrology;3;Maison 11 en Gémeaux;missing;
astrology.houseInSign.11.cancer;astrology;3;Maison 11 en Cancer;missing;
astrology.houseInSign.11.leo;astrology;3;Maison 11 en Lion;missing;
astrology.houseInSign.11.virgo;astrology;3;Maison 11 en Vierge;missing;
astrology.houseInSign.11.libra;astrology;3;Maison 11 en Balance;missing;
astrology.houseInSign.11.scorpio;astrology;3;Maison 11 en Scorpion;missing;
astrology.houseInSign.11.sagittarius;astrology;3;Maison 11 en Sagittaire;missing;
astrology.houseInSign.11.capricorn;astrology;3;Maison 11 en Capricorne;missing;
astrology.houseInSign.11.aquarius;astrology;3;Maison 11 en Verseau;missing;
astrology.houseInSign.11.pisces;astrology;3;Maison 11 en Poissons;missing;
astrology.houseInSign.12.aries;astrology;3;Maison 12 en Bélier;missing;
astrology.houseInSign.12.taurus;astrology;3;Maison 12 en Taureau;missing;
astrology.houseInSign.12.gemini;astrology;3;Maison 12 en Gémeaux;missing;
astrology.houseInSign.12.cancer;astrology;3;Maison 12 en Cancer;missing;
astrology.houseInSign.12.leo;astrology;3;Maison 12 en Lion;missing;
astrology.houseInSign.12.virgo;astrology;3;Maison 12 en Vierge;missing;
astrology.houseInSign.12.libra;astrology;3;Maison 12 en Balance;missing;
astrology.houseInSign.12.scorpio;astrology;3;Maison 12 en Scorpion;missing;
astrology.houseInSign.12.sagittarius;astrology;3;Maison 12 en Sagittaire;missing;
astrology.houseInSign.12.capricorn;astrology;3;Maison 12 en Capricorne;missing;
astrology.houseInSign.12.aquarius;astrology;3;Maison 12 en Verseau;missing;
astrology.houseInSign.12.pisces;astrology;3;Maison 12 en Poissons;missing;
astrology.aspectPairs.sun.conjunction.moon;astrology;3;Soleil conjonction Lune;missing;
astrology.aspectPairs.sun.sextile.moon;astrology;3;Soleil sextile Lune;missing;
astrology.aspectPairs.sun.square.moon;astrology;3;Soleil carré Lune;missing;
astrology.aspectPairs.sun.trine.moon;astrology;3;Soleil trigone Lune;missing;
astrology.aspectPairs.sun.opposition.moon;astrology;3;Soleil opposition Lune;missing;
astrology.aspectPairs.sun.conjunction.mercury;astrology;3;Soleil conjonction Mercure;missing;
astrology.aspectPairs.sun.sextile.mercury;astrology;3;Soleil sextile Mercure;missing;
astrology.aspectPairs.sun.square.mercury;astrology;3;Soleil carré Mercure;missing;
astrology.aspectPairs.sun.trine.mercury;astrology;3;Soleil trigone Mercure;missing;
astrology.aspectPairs.sun.opposition.mercury;astrology;3;Soleil opposition Mercure;missing;
astrology.aspectPairs.sun.conjunction.venus;astrology;3;Soleil conjonction Vénus;missing;
astrology.aspectPairs.sun.sextile.venus;astrology;3;Soleil sextile Vénus;missing;
astrology.aspectPairs.sun.square.venus;astrology;3;Soleil carré Vénus;missing;
astrology.aspectPairs.sun.trine.venus;astrology;3;Soleil trigone Vénus;missing;
astrology.aspectPairs.sun.opposition.venus;astrology;3;Soleil opposition Vénus;missing;
astrology.aspectPairs.sun.conjunction.mars;astrology;3;Soleil conjonction Mars;missing;
astrology.aspectPairs.sun.sextile.mars;astrology;3;Soleil sextile Mars;missing;
astrology.aspectPairs.sun.square.mars;astrology;3;Soleil carré Mars;missing;
astrology.aspectPairs.sun.trine.mars;astrology;3;Soleil trigone Mars;missing;
astrology.aspectPairs.sun.opposition.mars;astrology;3;Soleil opposition Mars;missing;
astrology.aspectPairs.sun.conjunction.jupiter;astrology;3;Soleil conjonction Jupiter;missing;
astrology.aspectPairs.sun.sextile.jupiter;astrology;3;Soleil sextile Jupiter;missing;
astrology.aspectPairs.sun.square.jupiter;astrology;3;Soleil carré Jupiter;missing;
astrology.aspectPairs.sun.trine.jupiter;astrology;3;Soleil trigone Jupiter;missing;
astrology.aspectPairs.sun.opposition.jupiter;astrology;3;Soleil opposition Jupiter;missing;
astrology.aspectPairs.sun.conjunction.saturn;astrology;3;Soleil conjonction Saturne;missing;
astrology.aspectPairs.sun.sextile.saturn;astrology;3;Soleil sextile Saturne;missing;
astrology.aspectPairs.sun.square.saturn;astrology;3;Soleil carré Saturne;missing;
astrology.aspectPairs.sun.trine.saturn;astrology;3;Soleil trigone Saturne;missing;
astrology.aspectPairs.sun.opposition.saturn;astrology;3;Soleil opposition Saturne;missing;
astrology.aspectPairs.sun.conjunction.uranus;astrology;3;Soleil conjonction Uranus;missing;
astrology.aspectPairs.sun.sextile.uranus;astrology;3;Soleil sextile Uranus;missing;
astrology.aspectPairs.sun.square.uranus;astrology;3;Soleil carré Uranus;missing;
astrology.aspectPairs.sun.trine.uranus;astrology;3;Soleil trigone Uranus;missing;
astrology.aspectPairs.sun.opposition.uranus;astrology;3;Soleil opposition Uranus;missing;
astrology.aspectPairs.sun.conjunction.neptune;astrology;3;Soleil conjonction Neptune;missing;
astrology.aspectPairs.sun.sextile.neptune;astrology;3;Soleil sextile Neptune;missing;
astrology.aspectPairs.sun.square.neptune;astrology;3;Soleil carré Neptune;missing;
astrology.aspectPairs.sun.trine.neptune;astrology;3;Soleil trigone Neptune;missing;
astrology.aspectPairs.sun.opposition.neptune;astrology;3;Soleil opposition Neptune;missing;
astrology.aspectPairs.sun.conjunction.pluto;astrology;3;Soleil conjonction Pluton;missing;
astrology.aspectPairs.sun.sextile.pluto;astrology;3;Soleil sextile Pluton;missing;
astrology.aspectPairs.sun.square.pluto;astrology;3;Soleil carré Pluton;missing;
astrology.aspectPairs.sun.trine.pluto;astrology;3;Soleil trigone Pluton;missing;
astrology.aspectPairs.sun.opposition.pluto;astrology;3;Soleil opposition Pluton;missing;
astrology.aspectPairs.sun.conjunction.ascendant;astrology;3;Soleil conjonction Ascendant;missing;
astrology.aspectPairs.sun.sextile.ascendant;astrology;3;Soleil sextile Ascendant;missing;
astrology.aspectPairs.sun.square.ascendant;astrology;3;Soleil carré Ascendant;missing;
astrology.aspectPairs.sun.trine.ascendant;astrology;3;Soleil trigone Ascendant;missing;
astrology.aspectPairs.sun.opposition.ascendant;astrology;3;Soleil opposition Ascendant;missing;
astrology.aspectPairs.sun.conjunction.midheaven;astrology;3;Soleil conjonction Milieu du Ciel;missing;
astrology.aspectPairs.sun.sextile.midheaven;astrology;3;Soleil sextile Milieu du Ciel;missing;
astrology.aspectPairs.sun.square.midheaven;astrology;3;Soleil carré Milieu du Ciel;missing;
astrology.aspectPairs.sun.trine.midheaven;astrology;3;Soleil trigone Milieu du Ciel;missing;
astrology.aspectPairs.sun.opposition.midheaven;astrology;3;Soleil opposition Milieu du Ciel;missing;
astrology.aspectPairs.moon.conjunction.mercury;astrology;3;Lune conjonction Mercure;missing;
astrology.aspectPairs.moon.sextile.mercury;astrology;3;Lune sextile Mercure;missing;
astrology.aspectPairs.moon.square.mercury;astrology;3;Lune carré Mercure;missing;
astrology.aspectPairs.moon.trine.mercury;astrology;3;Lune trigone Mercure;missing;
astrology.aspectPairs.moon.opposition.mercury;astrology;3;Lune opposition Mercure;missing;
astrology.aspectPairs.moon.conjunction.venus;astrology;3;Lune conjonction Vénus;missing;
astrology.aspectPairs.moon.sextile.venus;astrology;3;Lune sextile Vénus;missing;
astrology.aspectPairs.moon.square.venus;astrology;3;Lune carré Vénus;missing;
astrology.aspectPairs.moon.trine.venus;astrology;3;Lune trigone Vénus;missing;
astrology.aspectPairs.moon.opposition.venus;astrology;3;Lune opposition Vénus;missing;
astrology.aspectPairs.moon.conjunction.mars;astrology;3;Lune conjonction Mars;missing;
astrology.aspectPairs.moon.sextile.mars;astrology;3;Lune sextile Mars;missing;
astrology.aspectPairs.moon.square.mars;astrology;3;Lune carré Mars;missing;
astrology.aspectPairs.moon.trine.mars;astrology;3;Lune trigone Mars;missing;
astrology.aspectPairs.moon.opposition.mars;astrology;3;Lune opposition Mars;missing;
astrology.aspectPairs.moon.conjunction.jupiter;astrology;3;Lune conjonction Jupiter;missing;
astrology.aspectPairs.moon.sextile.jupiter;astrology;3;Lune sextile Jupiter;missing;
astrology.aspectPairs.moon.square.jupiter;astrology;3;Lune carré Jupiter;missing;
astrology.aspectPairs.moon.trine.jupiter;astrology;3;Lune trigone Jupiter;missing;
astrology.aspectPairs.moon.opposition.jupiter;astrology;3;Lune opposition Jupiter;missing;
astrology.aspectPairs.moon.conjunction.saturn;astrology;3;Lune conjonction Saturne;missing;
astrology.aspectPairs.moon.sextile.saturn;astrology;3;Lune sextile Saturne;missing;
astrology.aspectPairs.moon.square.saturn;astrology;3;Lune carré Saturne;missing;
astrology.aspectPairs.moon.trine.saturn;astrology;3;Lune trigone Saturne;missing;
astrology.aspectPairs.moon.opposition.saturn;astrology;3;Lune opposition Saturne;missing;
astrology.aspectPairs.moon.conjunction.uranus;astrology;3;Lune conjonction Uranus;missing;
astrology.aspectPairs.moon.sextile.uranus;astrology;3;Lune sextile Uranus;missing;
astrology.aspectPairs.moon.square.uranus;astrology;3;Lune carré Uranus;missing;
astrology.aspectPairs.moon.trine.uranus;astrology;3;Lune trigone Uranus;missing;
astrology.aspectPairs.moon.opposition.uranus;astrology;3;Lune opposition Uranus;missing;
astrology.aspectPairs.moon.conjunction.neptune;astrology;3;Lune conjonction Neptune;missing;
astrology.aspectPairs.moon.sextile.neptune;astrology;3;Lune sextile Neptune;missing;
astrology.aspectPairs.moon.square.neptune;astrology;3;Lune carré Neptune;missing;
astrology.aspectPairs.moon.trine.neptune;astrology;3;Lune trigone Neptune;missing;
astrology.aspectPairs.moon.opposition.neptune;astrology;3;Lune opposition Neptune;missing;
astrology.aspectPairs.moon.conjunction.pluto;astrology;3;Lune conjonction Pluton;missing;
astrology.aspectPairs.moon.sextile.pluto;astrology;3;Lune sextile Pluton;missing;
astrology.aspectPairs.moon.square.pluto;astrology;3;Lune carré Pluton;missing;
astrology.aspectPairs.moon.trine.pluto;astrology;3;Lune trigone Pluton;missing;
astrology.aspectPairs.moon.opposition.pluto;astrology;3;Lune opposition Pluton;missing;
astrology.aspectPairs.moon.conjunction.ascendant;astrology;3;Lune conjonction Ascendant;missing;
astrology.aspectPairs.moon.sextile.ascendant;astrology;3;Lune sextile Ascendant;missing;
astrology.aspectPairs.moon.square.ascendant;astrology;3;Lune carré Ascendant;missing;
astrology.aspectPairs.moon.trine.ascendant;astrology;3;Lune trigone Ascendant;missing;
astrology.aspectPairs.moon.opposition.ascendant;astrology;3;Lune opposition Ascendant;missing;
astrology.aspectPairs.moon.conjunction.midheaven;astrology;3;Lune conjonction Milieu du Ciel;missing;
astrology.aspectPairs.moon.sextile.midheaven;astrology;3;Lune sextile Milieu du Ciel;missing;
astrology.aspectPairs.moon.square.midheaven;astrology;3;Lune carré Milieu du Ciel;missing;
astrology.aspectPairs.moon.trine.midheaven;astrology;3;Lune trigone Milieu du Ciel;missing;
astrology.aspectPairs.moon.opposition.midheaven;astrology;3;Lune opposition Milieu du Ciel;missing;
astrology.aspectPairs.mercury.conjunction.venus;astrology;3;Mercure conjonction Vénus;missing;
astrology.aspectPairs.mercury.sextile.venus;astrology;3;Mercure sextile Vénus;missing;
astrology.aspectPairs.mercury.square.venus;astrology;3;Mercure carré Vénus;missing;
astrology.aspectPairs.mercury.trine.venus;astrology;3;Mercure trigone Vénus;missing;
astrology.aspectPairs.mercury.opposition.venus;astrology;3;Mercure opposition Vénus;missing;
astrology.aspectPairs.mercury.conjunction.mars;astrology;3;Mercure conjonction Mars;missing;
astrology.aspectPairs.mercury.sextile.mars;astrology;3;Mercure sextile Mars;missing;
astrology.aspectPairs.mercury.square.mars;astrology;3;Mercure carré Mars;missing;
astrology.aspectPairs.mercury.trine.mars;astrology;3;Mercure trigone Mars;missing;
astrology.aspectPairs.mercury.opposition.mars;astrology;3;Mercure opposition Mars;missing;
astrology.aspectPairs.mercury.conjunction.jupiter;astrology;3;Mercure conjonction Jupiter;missing;
astrology.aspectPairs.mercury.sextile.jupiter;astrology;3;Mercure sextile Jupiter;missing;
astrology.aspectPairs.mercury.square.jupiter;astrology;3;Mercure carré Jupiter;missing;
astrology.aspectPairs.mercury.trine.jupiter;astrology;3;Mercure trigone Jupiter;missing;
astrology.aspectPairs.mercury.opposition.jupiter;astrology;3;Mercure opposition Jupiter;missing;
astrology.aspectPairs.mercury.conjunction.saturn;astrology;3;Mercure conjonction Saturne;missing;
astrology.aspectPairs.mercury.sextile.saturn;astrology;3;Mercure sextile Saturne;missing;
astrology.aspectPairs.mercury.square.saturn;astrology;3;Mercure carré Saturne;missing;
astrology.aspectPairs.mercury.trine.saturn;astrology;3;Mercure trigone Saturne;missing;
astrology.aspectPairs.mercury.opposition.saturn;astrology;3;Mercure opposition Saturne;missing;
astrology.aspectPairs.mercury.conjunction.uranus;astrology;3;Mercure conjonction Uranus;missing;
astrology.aspectPairs.mercury.sextile.uranus;astrology;3;Mercure sextile Uranus;missing;
astrology.aspectPairs.mercury.square.uranus;astrology;3;Mercure carré Uranus;missing;
astrology.aspectPairs.mercury.trine.uranus;astrology;3;Mercure trigone Uranus;missing;
astrology.aspectPairs.mercury.opposition.uranus;astrology;3;Mercure opposition Uranus;missing;
astrology.aspectPairs.mercury.conjunction.neptune;astrology;3;Mercure conjonction Neptune;missing;
astrology.aspectPairs.mercury.sextile.neptune;astrology;3;Mercure sextile Neptune;missing;
astrology.aspectPairs.mercury.square.neptune;astrology;3;Mercure carré Neptune;missing;
astrology.aspectPairs.mercury.trine.neptune;astrology;3;Mercure trigone Neptune;missing;
astrology.aspectPairs.mercury.opposition.neptune;astrology;3;Mercure opposition Neptune;missing;
astrology.aspectPairs.mercury.conjunction.pluto;astrology;3;Mercure conjonction Pluton;missing;
astrology.aspectPairs.mercury.sextile.pluto;astrology;3;Mercure sextile Pluton;missing;
astrology.aspectPairs.mercury.square.pluto;astrology;3;Mercure carré Pluton;missing;
astrology.aspectPairs.mercury.trine.pluto;astrology;3;Mercure trigone Pluton;missing;
astrology.aspectPairs.mercury.opposition.pluto;astrology;3;Mercure opposition Pluton;missing;
astrology.aspectPairs.mercury.conjunction.ascendant;astrology;3;Mercure conjonction Ascendant;missing;
astrology.aspectPairs.mercury.sextile.ascendant;astrology;3;Mercure sextile Ascendant;missing;
astrology.aspectPairs.mercury.square.ascendant;astrology;3;Mercure carré Ascendant;missing;
astrology.aspectPairs.mercury.trine.ascendant;astrology;3;Mercure trigone Ascendant;missing;
astrology.aspectPairs.mercury.opposition.ascendant;astrology;3;Mercure opposition Ascendant;missing;
astrology.aspectPairs.mercury.conjunction.midheaven;astrology;3;Mercure conjonction Milieu du Ciel;missing;
astrology.aspectPairs.mercury.sextile.midheaven;astrology;3;Mercure sextile Milieu du Ciel;missing;
astrology.aspectPairs.mercury.square.midheaven;astrology;3;Mercure carré Milieu du Ciel;missing;
astrology.aspectPairs.mercury.trine.midheaven;astrology;3;Mercure trigone Milieu du Ciel;missing;
astrology.aspectPairs.mercury.opposition.midheaven;astrology;3;Mercure opposition Milieu du Ciel;missing;
astrology.aspectPairs.venus.conjunction.mars;astrology;3;Vénus conjonction Mars;missing;
astrology.aspectPairs.venus.sextile.mars;astrology;3;Vénus sextile Mars;missing;
astrology.aspectPairs.venus.square.mars;astrology;3;Vénus carré Mars;missing;
astrology.aspectPairs.venus.trine.mars;astrology;3;Vénus trigone Mars;missing;
astrology.aspectPairs.venus.opposition.mars;astrology;3;Vénus opposition Mars;missing;
astrology.aspectPairs.venus.conjunction.jupiter;astrology;3;Vénus conjonction Jupiter;missing;
astrology.aspectPairs.venus.sextile.jupiter;astrology;3;Vénus sextile Jupiter;missing;
astrology.aspectPairs.venus.square.jupiter;astrology;3;Vénus carré Jupiter;missing;
astrology.aspectPairs.venus.trine.jupiter;astrology;3;Vénus trigone Jupiter;missing;
astrology.aspectPairs.venus.opposition.jupiter;astrology;3;Vénus opposition Jupiter;missing;
astrology.aspectPairs.venus.conjunction.saturn;astrology;3;Vénus conjonction Saturne;missing;
astrology.aspectPairs.venus.sextile.saturn;astrology;3;Vénus sextile Saturne;missing;
astrology.aspectPairs.venus.square.saturn;astrology;3;Vénus carré Saturne;missing;
astrology.aspectPairs.venus.trine.saturn;astrology;3;Vénus trigone Saturne;missing;
astrology.aspectPairs.venus.opposition.saturn;astrology;3;Vénus opposition Saturne;missing;
astrology.aspectPairs.venus.conjunction.uranus;astrology;3;Vénus conjonction Uranus;missing;
astrology.aspectPairs.venus.sextile.uranus;astrology;3;Vénus sextile Uranus;missing;
astrology.aspectPairs.venus.square.uranus;astrology;3;Vénus carré Uranus;missing;
astrology.aspectPairs.venus.trine.uranus;astrology;3;Vénus trigone Uranus;missing;
astrology.aspectPairs.venus.opposition.uranus;astrology;3;Vénus opposition Uranus;missing;
astrology.aspectPairs.venus.conjunction.neptune;astrology;3;Vénus conjonction Neptune;missing;
astrology.aspectPairs.venus.sextile.neptune;astrology;3;Vénus sextile Neptune;missing;
astrology.aspectPairs.venus.square.neptune;astrology;3;Vénus carré Neptune;missing;
astrology.aspectPairs.venus.trine.neptune;astrology;3;Vénus trigone Neptune;missing;
astrology.aspectPairs.venus.opposition.neptune;astrology;3;Vénus opposition Neptune;missing;
astrology.aspectPairs.venus.conjunction.pluto;astrology;3;Vénus conjonction Pluton;missing;
astrology.aspectPairs.venus.sextile.pluto;astrology;3;Vénus sextile Pluton;missing;
astrology.aspectPairs.venus.square.pluto;astrology;3;Vénus carré Pluton;missing;
astrology.aspectPairs.venus.trine.pluto;astrology;3;Vénus trigone Pluton;missing;
astrology.aspectPairs.venus.opposition.pluto;astrology;3;Vénus opposition Pluton;missing;
astrology.aspectPairs.venus.conjunction.ascendant;astrology;3;Vénus conjonction Ascendant;missing;
astrology.aspectPairs.venus.sextile.ascendant;astrology;3;Vénus sextile Ascendant;missing;
astrology.aspectPairs.venus.square.ascendant;astrology;3;Vénus carré Ascendant;missing;
astrology.aspectPairs.venus.trine.ascendant;astrology;3;Vénus trigone Ascendant;missing;
astrology.aspectPairs.venus.opposition.ascendant;astrology;3;Vénus opposition Ascendant;missing;
astrology.aspectPairs.venus.conjunction.midheaven;astrology;3;Vénus conjonction Milieu du Ciel;missing;
astrology.aspectPairs.venus.sextile.midheaven;astrology;3;Vénus sextile Milieu du Ciel;missing;
astrology.aspectPairs.venus.square.midheaven;astrology;3;Vénus carré Milieu du Ciel;missing;
astrology.aspectPairs.venus.trine.midheaven;astrology;3;Vénus trigone Milieu du Ciel;missing;
astrology.aspectPairs.venus.opposition.midheaven;astrology;3;Vénus opposition Milieu du Ciel;missing;
astrology.aspectPairs.mars.conjunction.jupiter;astrology;3;Mars conjonction Jupiter;missing;
astrology.aspectPairs.mars.sextile.jupiter;astrology;3;Mars sextile Jupiter;missing;
astrology.aspectPairs.mars.square.jupiter;astrology;3;Mars carré Jupiter;missing;
astrology.aspectPairs.mars.trine.jupiter;astrology;3;Mars trigone Jupiter;missing;
astrology.aspectPairs.mars.opposition.jupiter;astrology;3;Mars opposition Jupiter;missing;
astrology.aspectPairs.mars.conjunction.saturn;astrology;3;Mars conjonction Saturne;missing;
astrology.aspectPairs.mars.sextile.saturn;astrology;3;Mars sextile Saturne;missing;
astrology.aspectPairs.mars.square.saturn;astrology;3;Mars carré Saturne;missing;
astrology.aspectPairs.mars.trine.saturn;astrology;3;Mars trigone Saturne;missing;
astrology.aspectPairs.mars.opposition.saturn;astrology;3;Mars opposition Saturne;missing;
astrology.aspectPairs.mars.conjunction.uranus;astrology;3;Mars conjonction Uranus;missing;
astrology.aspectPairs.mars.sextile.uranus;astrology;3;Mars sextile Uranus;missing;
astrology.aspectPairs.mars.square.uranus;astrology;3;Mars carré Uranus;missing;
astrology.aspectPairs.mars.trine.uranus;astrology;3;Mars trigone Uranus;missing;
astrology.aspectPairs.mars.opposition.uranus;astrology;3;Mars opposition Uranus;missing;
astrology.aspectPairs.mars.conjunction.neptune;astrology;3;Mars conjonction Neptune;missing;
astrology.aspectPairs.mars.sextile.neptune;astrology;3;Mars sextile Neptune;missing;
astrology.aspectPairs.mars.square.neptune;astrology;3;Mars carré Neptune;missing;
astrology.aspectPairs.mars.trine.neptune;astrology;3;Mars trigone Neptune;missing;
astrology.aspectPairs.mars.opposition.neptune;astrology;3;Mars opposition Neptune;missing;
astrology.aspectPairs.mars.conjunction.pluto;astrology;3;Mars conjonction Pluton;missing;
astrology.aspectPairs.mars.sextile.pluto;astrology;3;Mars sextile Pluton;missing;
astrology.aspectPairs.mars.square.pluto;astrology;3;Mars carré Pluton;missing;
astrology.aspectPairs.mars.trine.pluto;astrology;3;Mars trigone Pluton;missing;
astrology.aspectPairs.mars.opposition.pluto;astrology;3;Mars opposition Pluton;missing;
astrology.aspectPairs.mars.conjunction.ascendant;astrology;3;Mars conjonction Ascendant;missing;
astrology.aspectPairs.mars.sextile.ascendant;astrology;3;Mars sextile Ascendant;missing;
astrology.aspectPairs.mars.square.ascendant;astrology;3;Mars carré Ascendant;missing;
astrology.aspectPairs.mars.trine.ascendant;astrology;3;Mars trigone Ascendant;missing;
astrology.aspectPairs.mars.opposition.ascendant;astrology;3;Mars opposition Ascendant;missing;
astrology.aspectPairs.mars.conjunction.midheaven;astrology;3;Mars conjonction Milieu du Ciel;missing;
astrology.aspectPairs.mars.sextile.midheaven;astrology;3;Mars sextile Milieu du Ciel;missing;
astrology.aspectPairs.mars.square.midheaven;astrology;3;Mars carré Milieu du Ciel;missing;
astrology.aspectPairs.mars.trine.midheaven;astrology;3;Mars trigone Milieu du Ciel;missing;
astrology.aspectPairs.mars.opposition.midheaven;astrology;3;Mars opposition Milieu du Ciel;missing;
astrology.aspectPairs.jupiter.conjunction.saturn;astrology;3;Jupiter conjonction Saturne;missing;
astrology.aspectPairs.jupiter.sextile.saturn;astrology;3;Jupiter sextile Saturne;missing;
astrology.aspectPairs.jupiter.square.saturn;astrology;3;Jupiter carré Saturne;missing;
astrology.aspectPairs.jupiter.trine.saturn;astrology;3;Jupiter trigone Saturne;missing;
astrology.aspectPairs.jupiter.opposition.saturn;astrology;3;Jupiter opposition Saturne;missing;
astrology.aspectPairs.jupiter.conjunction.uranus;astrology;3;Jupiter conjonction Uranus;missing;
astrology.aspectPairs.jupiter.sextile.uranus;astrology;3;Jupiter sextile Uranus;missing;
astrology.aspectPairs.jupiter.square.uranus;astrology;3;Jupiter carré Uranus;missing;
astrology.aspectPairs.jupiter.trine.uranus;astrology;3;Jupiter trigone Uranus;missing;
astrology.aspectPairs.jupiter.opposition.uranus;astrology;3;Jupiter opposition Uranus;missing;
astrology.aspectPairs.jupiter.conjunction.neptune;astrology;3;Jupiter conjonction Neptune;missing;
astrology.aspectPairs.jupiter.sextile.neptune;astrology;3;Jupiter sextile Neptune;missing;
astrology.aspectPairs.jupiter.square.neptune;astrology;3;Jupiter carré Neptune;missing;
astrology.aspectPairs.jupiter.trine.neptune;astrology;3;Jupiter trigone Neptune;missing;
astrology.aspectPairs.jupiter.opposition.neptune;astrology;3;Jupiter opposition Neptune;missing;
astrology.aspectPairs.jupiter.conjunction.pluto;astrology;3;Jupiter conjonction Pluton;missing;
astrology.aspectPairs.jupiter.sextile.pluto;astrology;3;Jupiter sextile Pluton;missing;
astrology.aspectPairs.jupiter.square.pluto;astrology;3;Jupiter carré Pluton;missing;
astrology.aspectPairs.jupiter.trine.pluto;astrology;3;Jupiter trigone Pluton;missing;
astrology.aspectPairs.jupiter.opposition.pluto;astrology;3;Jupiter opposition Pluton;missing;
astrology.aspectPairs.jupiter.conjunction.ascendant;astrology;3;Jupiter conjonction Ascendant;missing;
astrology.aspectPairs.jupiter.sextile.ascendant;astrology;3;Jupiter sextile Ascendant;missing;
astrology.aspectPairs.jupiter.square.ascendant;astrology;3;Jupiter carré Ascendant;missing;
astrology.aspectPairs.jupiter.trine.ascendant;astrology;3;Jupiter trigone Ascendant;missing;
astrology.aspectPairs.jupiter.opposition.ascendant;astrology;3;Jupiter opposition Ascendant;missing;
astrology.aspectPairs.jupiter.conjunction.midheaven;astrology;3;Jupiter conjonction Milieu du Ciel;missing;
astrology.aspectPairs.jupiter.sextile.midheaven;astrology;3;Jupiter sextile Milieu du Ciel;missing;
astrology.aspectPairs.jupiter.square.midheaven;astrology;3;Jupiter carré Milieu du Ciel;missing;
astrology.aspectPairs.jupiter.trine.midheaven;astrology;3;Jupiter trigone Milieu du Ciel;missing;
astrology.aspectPairs.jupiter.opposition.midheaven;astrology;3;Jupiter opposition Milieu du Ciel;missing;
astrology.aspectPairs.saturn.conjunction.uranus;astrology;3;Saturne conjonction Uranus;missing;
astrology.aspectPairs.saturn.sextile.uranus;astrology;3;Saturne sextile Uranus;missing;
astrology.aspectPairs.saturn.square.uranus;astrology;3;Saturne carré Uranus;missing;
astrology.aspectPairs.saturn.trine.uranus;astrology;3;Saturne trigone Uranus;missing;
astrology.aspectPairs.saturn.opposition.uranus;astrology;3;Saturne opposition Uranus;missing;
astrology.aspectPairs.saturn.conjunction.neptune;astrology;3;Saturne conjonction Neptune;missing;
astrology.aspectPairs.saturn.sextile.neptune;astrology;3;Saturne sextile Neptune;missing;
astrology.aspectPairs.saturn.square.neptune;astrology;3;Saturne carré Neptune;missing;
astrology.aspectPairs.saturn.trine.neptune;astrology;3;Saturne trigone Neptune;missing;
astrology.aspectPairs.saturn.opposition.neptune;astrology;3;Saturne opposition Neptune;missing;
astrology.aspectPairs.saturn.conjunction.pluto;astrology;3;Saturne conjonction Pluton;missing;
astrology.aspectPairs.saturn.sextile.pluto;astrology;3;Saturne sextile Pluton;missing;
astrology.aspectPairs.saturn.square.pluto;astrology;3;Saturne carré Pluton;missing;
astrology.aspectPairs.saturn.trine.pluto;astrology;3;Saturne trigone Pluton;missing;
astrology.aspectPairs.saturn.opposition.pluto;astrology;3;Saturne opposition Pluton;missing;
astrology.aspectPairs.saturn.conjunction.ascendant;astrology;3;Saturne conjonction Ascendant;missing;
astrology.aspectPairs.saturn.sextile.ascendant;astrology;3;Saturne sextile Ascendant;missing;
astrology.aspectPairs.saturn.square.ascendant;astrology;3;Saturne carré Ascendant;missing;
astrology.aspectPairs.saturn.trine.ascendant;astrology;3;Saturne trigone Ascendant;missing;
astrology.aspectPairs.saturn.opposition.ascendant;astrology;3;Saturne opposition Ascendant;missing;
astrology.aspectPairs.saturn.conjunction.midheaven;astrology;3;Saturne conjonction Milieu du Ciel;missing;
astrology.aspectPairs.saturn.sextile.midheaven;astrology;3;Saturne sextile Milieu du Ciel;missing;
astrology.aspectPairs.saturn.square.midheaven;astrology;3;Saturne carré Milieu du Ciel;missing;
astrology.aspectPairs.saturn.trine.midheaven;astrology;3;Saturne trigone Milieu du Ciel;missing;
astrology.aspectPairs.saturn.opposition.midheaven;astrology;3;Saturne opposition Milieu du Ciel;missing;
astrology.aspectPairs.uranus.conjunction.neptune;astrology;3;Uranus conjonction Neptune;missing;
astrology.aspectPairs.uranus.sextile.neptune;astrology;3;Uranus sextile Neptune;missing;
astrology.aspectPairs.uranus.square.neptune;astrology;3;Uranus carré Neptune;missing;
astrology.aspectPairs.uranus.trine.neptune;astrology;3;Uranus trigone Neptune;missing;
astrology.aspectPairs.uranus.opposition.neptune;astrology;3;Uranus opposition Neptune;missing;
astrology.aspectPairs.uranus.conjunction.pluto;astrology;3;Uranus conjonction Pluton;missing;
astrology.aspectPairs.uranus.sextile.pluto;astrology;3;Uranus sextile Pluton;missing;
astrology.aspectPairs.uranus.square.pluto;astrology;3;Uranus carré Pluton;missing;
astrology.aspectPairs.uranus.trine.pluto;astrology;3;Uranus trigone Pluton;missing;
astrology.aspectPairs.uranus.opposition.pluto;astrology;3;Uranus opposition Pluton;missing;
astrology.aspectPairs.uranus.conjunction.ascendant;astrology;3;Uranus conjonction Ascendant;missing;
astrology.aspectPairs.uranus.sextile.ascendant;astrology;3;Uranus sextile Ascendant;missing;
astrology.aspectPairs.uranus.square.ascendant;astrology;3;Uranus carré Ascendant;missing;
astrology.aspectPairs.uranus.trine.ascendant;astrology;3;Uranus trigone Ascendant;missing;
astrology.aspectPairs.uranus.opposition.ascendant;astrology;3;Uranus opposition Ascendant;missing;
astrology.aspectPairs.uranus.conjunction.midheaven;astrology;3;Uranus conjonction Milieu du Ciel;missing;
astrology.aspectPairs.uranus.sextile.midheaven;astrology;3;Uranus sextile Milieu du Ciel;missing;
astrology.aspectPairs.uranus.square.midheaven;astrology;3;Uranus carré Milieu du Ciel;missing;
astrology.aspectPairs.uranus.trine.midheaven;astrology;3;Uranus trigone Milieu du Ciel;missing;
astrology.aspectPairs.uranus.opposition.midheaven;astrology;3;Uranus opposition Milieu du Ciel;missing;
astrology.aspectPairs.neptune.conjunction.pluto;astrology;3;Neptune conjonction Pluton;missing;
astrology.aspectPairs.neptune.sextile.pluto;astrology;3;Neptune sextile Pluton;missing;
astrology.aspectPairs.neptune.square.pluto;astrology;3;Neptune carré Pluton;missing;
astrology.aspectPairs.neptune.trine.pluto;astrology;3;Neptune trigone Pluton;missing;
astrology.aspectPairs.neptune.opposition.pluto;astrology;3;Neptune opposition Pluton;missing;
astrology.aspectPairs.neptune.conjunction.ascendant;astrology;3;Neptune conjonction Ascendant;missing;
astrology.aspectPairs.neptune.sextile.ascendant;astrology;3;Neptune sextile Ascendant;missing;
astrology.aspectPairs.neptune.square.ascendant;astrology;3;Neptune carré Ascendant;missing;
astrology.aspectPairs.neptune.trine.ascendant;astrology;3;Neptune trigone Ascendant;missing;
astrology.aspectPairs.neptune.opposition.ascendant;astrology;3;Neptune opposition Ascendant;missing;
astrology.aspectPairs.neptune.conjunction.midheaven;astrology;3;Neptune conjonction Milieu du Ciel;missing;
astrology.aspectPairs.neptune.sextile.midheaven;astrology;3;Neptune sextile Milieu du Ciel;missing;
astrology.aspectPairs.neptune.square.midheaven;astrology;3;Neptune carré Milieu du Ciel;missing;
astrology.aspectPairs.neptune.trine.midheaven;astrology;3;Neptune trigone Milieu du Ciel;missing;
astrology.aspectPairs.neptune.opposition.midheaven;astrology;3;Neptune opposition Milieu du Ciel;missing;
astrology.aspectPairs.pluto.conjunction.ascendant;astrology;3;Pluton conjonction Ascendant;missing;
astrology.aspectPairs.pluto.sextile.ascendant;astrology;3;Pluton sextile Ascendant;missing;
astrology.aspectPairs.pluto.square.ascendant;astrology;3;Pluton carré Ascendant;missing;
astrology.aspectPairs.pluto.trine.ascendant;astrology;3;Pluton trigone Ascendant;missing;
astrology.aspectPairs.pluto.opposition.ascendant;astrology;3;Pluton opposition Ascendant;missing;
astrology.aspectPairs.pluto.conjunction.midheaven;astrology;3;Pluton conjonction Milieu du Ciel;missing;
astrology.aspectPairs.pluto.sextile.midheaven;astrology;3;Pluton sextile Milieu du Ciel;missing;
astrology.aspectPairs.pluto.square.midheaven;astrology;3;Pluton carré Milieu du Ciel;missing;
astrology.aspectPairs.pluto.trine.midheaven;astrology;3;Pluton trigone Milieu du Ciel;missing;
astrology.aspectPairs.pluto.opposition.midheaven;astrology;3;Pluton opposition Milieu du Ciel;missing;
astrology.aspectPairs.ascendant.conjunction.midheaven;astrology;3;Ascendant conjonction Milieu du Ciel;missing;
astrology.aspectPairs.ascendant.sextile.midheaven;astrology;3;Ascendant sextile Milieu du Ciel;missing;
astrology.aspectPairs.ascendant.square.midheaven;astrology;3;Ascendant carré Milieu du Ciel;missing;
astrology.aspectPairs.ascendant.trine.midheaven;astrology;3;Ascendant trigone Milieu du Ciel;missing;
astrology.aspectPairs.ascendant.opposition.midheaven;astrology;3;Ascendant opposition Milieu du Ciel;missing;
humanDesign.types.manifestor;humanDesign;1;Type Manifestor;draft;"Le Manifestor dispose d'une énergie d'initiation : il peut mettre les choses en mouvement de façon autonome, sans attendre de signal extérieur. Son impact sur les autres est réel et peut surprendre. Il est souvent animé par un besoin profond de liberté et d'indépendance. Lorsqu'il agit sans prévenir, il rencontre facilement des résistances ; lorsqu'il tient informé son entourage, son élan trouve plus de fluidité. Le sentiment de paix est un repère indiquant qu'il est aligné."
humanDesign.types.generator;humanDesign;1;Type Generator;draft;"Le Generator possède une énergie vitale durable, liée à son centre Sacral défini. Il est fait pour s'investir pleinement dans ce qui l'anime vraiment et pour y développer une maîtrise dans le temps. Son énergie fonctionne au mieux lorsqu'elle répond à ce qui se présente, plutôt qu'en forçant les initiatives. La satisfaction est son repère d'alignement ; la frustration signale souvent un engagement dans ce qui ne lui correspond pas."
humanDesign.types.manifesting-generator;humanDesign;1;Type Manifesting Generator;draft;"Le Manifesting Generator associe l'énergie durable du Generator à une capacité d'action rapide. Il avance souvent sur plusieurs fronts, saute des étapes et trouve des raccourcis. Comme le Generator, il gagne à laisser sa réponse intérieure guider ses engagements, puis à informer son entourage avant d'agir. La satisfaction indique l'alignement ; la frustration ou l'impatience montrent qu'il s'est lancé sans écouter sa réponse."
humanDesign.types.projector;humanDesign;1;Type Projector;draft;"Le Projector est doté d'une capacité particulière à percevoir les autres, à comprendre les systèmes et à guider. Il ne dispose pas d'une énergie de travail constante et gagne à gérer ses forces avec attention. Son influence est la plus juste lorsqu'elle est reconnue et sollicitée : l'invitation lui ouvre les bonnes portes, dans les relations comme dans le travail. Le succès est son repère d'alignement ; l'amertume signale un manque de reconnaissance."
humanDesign.types.reflector;humanDesign;1;Type Reflector;draft;"Le Reflector, type le plus rare, n'a aucun centre défini. Très ouvert à son environnement, il en reflète l'état et peut évaluer avec justesse la santé d'un groupe ou d'un lieu. Son ressenti varie au fil des jours, au rythme des transits lunaires. Le choix de son entourage et de ses lieux de vie est essentiel. La surprise et l'émerveillement sont ses repères d'alignement ; la déception indique un environnement qui ne lui convient pas."
humanDesign.strategies.to-inform;humanDesign;1;Stratégie : Informer;draft;"La stratégie consiste à informer les personnes concernées avant d'agir. Il ne s'agit pas de demander une permission, mais de prévenir de ce que l'on s'apprête à faire. Cette simple étape réduit les résistances, apaise les relations et permet à l'élan d'aboutir dans de meilleures conditions."
humanDesign.strategies.to-respond;humanDesign;1;Stratégie : Répondre;draft;"La stratégie consiste à attendre que la vie présente quelque chose, puis à écouter sa réponse intérieure avant de s'engager. Cette réponse se manifeste souvent par une sensation immédiate dans le corps, un élan ou au contraire un retrait. Elle permet de consacrer son énergie à ce qui est vraiment juste plutôt qu'à ce que le mental décide."
humanDesign.strategies.wait-for-the-invitation;humanDesign;1;Stratégie : Attendre l'invitation;draft;"La stratégie consiste à attendre d'être reconnu et invité avant de partager ses conseils ou de s'engager dans les grandes décisions de la vie : relations, travail, lieu de vie. Attendre ne veut pas dire rester passif : c'est le temps d'étudier, d'affiner son savoir et de prendre soin de soi, pour être prêt lorsque l'invitation arrive."
humanDesign.strategies.wait-a-lunar-cycle;humanDesign;1;Stratégie : Attendre un cycle lunaire;draft;"La stratégie consiste à laisser passer un cycle lunaire, environ 28 jours, avant les décisions importantes. Pendant ce temps, en parler avec des personnes de confiance et observer comment son ressenti évolue permet de voir la décision sous tous ses angles et d'atteindre une clarté stable."
humanDesign.authorities.emotional;humanDesign;1;Autorité Émotionnelle (Plexus solaire);draft;"Avec le Plexus solaire défini, la clarté ne vient pas dans l'instant : les émotions évoluent selon une vague, avec des hauts et des bas. Une décision importante gagne à attendre que cette vague se calme, en se laissant le temps de dormir dessus. Il n'existe pas de vérité dans l'instant ; la justesse apparaît avec le temps."
humanDesign.authorities.sacral;humanDesign;1;Autorité Sacrale;draft;"L'autorité sacrale se manifeste par une réponse instinctive et immédiate du corps, souvent ressentie dans le ventre ou exprimée par des sons spontanés d'acquiescement ou de refus. Cette réponse précède le raisonnement. Poser des questions fermées, auxquelles on peut répondre par oui ou par non, aide à l'entendre clairement."
humanDesign.authorities.splenic;humanDesign;1;Autorité Splénique;draft;"L'autorité splénique s'exprime par une intuition instantanée, discrète et souvent unique : un savoir ou une alerte qui ne se répète pas. Elle est liée à l'instinct de survie et au bien-être. Elle demande d'être attentif au moment présent, car le mental a tendance à couvrir cette voix subtile."
humanDesign.authorities.ego-manifested;humanDesign;1;Autorité Ego manifestée;draft;"Avec le centre du Cœur relié à la Gorge, la décision juste s'exprime à travers ce que l'on dit spontanément vouloir. Écouter ses propres paroles, sans les filtrer, révèle sa volonté profonde : ce que l'on veut vraiment, et ce que l'on est prêt à engager pour l'obtenir."
humanDesign.authorities.ego-projected;humanDesign;1;Autorité Ego projetée;draft;"Avec le centre du Cœur relié au centre G, la décision juste se reconnaît dans ce que l'on désire réellement pour soi. Se demander « qu'est-ce que je veux vraiment, et qu'est-ce que j'y gagne ? » aide à rester fidèle à sa volonté, à condition d'avoir été invité au préalable."
humanDesign.authorities.self-projected;humanDesign;1;Autorité Auto-projetée (G);draft;"Avec le centre G relié à la Gorge, la clarté vient en s'entendant parler. Exprimer à voix haute sa situation à une personne de confiance, sans attendre de conseil, permet d'entendre dans sa propre voix ce qui correspond à son identité et à sa direction."
humanDesign.authorities.mental;humanDesign;1;Autorité Mentale / environnementale;draft;"Sans autorité intérieure située sous la Gorge, la clarté se construit en dialoguant avec des personnes de confiance et en observant comment l'on se sent dans différents environnements. Il ne s'agit pas de demander des conseils, mais de s'entendre réfléchir pour reconnaître ce qui est juste."
humanDesign.authorities.lunar;humanDesign;1;Autorité Lunaire;draft;"L'autorité lunaire est propre au Reflector. La décision mûrit au fil d'un cycle lunaire complet, période pendant laquelle les différents aspects de soi sont successivement activés. La patience et le dialogue avec des proches de confiance permettent d'atteindre une clarté stable."
humanDesign.profiles.1-3;humanDesign;1;Profil 1/3;draft;"Le profil 1/3 associe un besoin de fondations solides à un apprentissage par l'expérience. La personne veut comprendre en profondeur avant d'agir, puis découvre par essais et erreurs ce qui fonctionne vraiment. Les échecs ne sont pas des fautes mais des sources de connaissance."
humanDesign.profiles.1-4;humanDesign;1;Profil 1/4;draft;"Le profil 1/4 associe le besoin d'étudier et de bâtir des bases sûres à l'importance du réseau relationnel. La personne gagne à consolider son savoir, puis à le partager au sein de son cercle proche, où ses opportunités naissent le plus souvent."
humanDesign.profiles.2-4;humanDesign;1;Profil 2/4;draft;"Le profil 2/4 associe un talent naturel qui s'exprime de lui-même à l'importance des relations. La personne a besoin de temps seule pour cultiver ses dons, et ce sont souvent ses proches qui les reconnaissent et l'appellent à les partager."
humanDesign.profiles.2-5;humanDesign;1;Profil 2/5;draft;"Le profil 2/5 associe un talent naturel, souvent cultivé dans la discrétion, à une capacité à être perçu comme la personne qui peut apporter une solution. Cette projection des autres ouvre des opportunités mais demande de bien gérer sa réputation et ses limites."
humanDesign.profiles.3-5;humanDesign;1;Profil 3/5;draft;"Le profil 3/5 apprend par l'expérimentation et apporte des solutions pratiques issues de son vécu. Les autres projettent volontiers sur lui des attentes ; l'expérience accumulée, y compris dans ce qui n'a pas fonctionné, devient sa ressource la plus précieuse."
humanDesign.profiles.3-6;humanDesign;1;Profil 3/6;draft;"Le profil 3/6 traverse une première partie de vie riche en expériences, souvent mouvementée, avant de prendre progressivement du recul. Avec le temps, il devient un exemple et un modèle, nourri par ce qu'il a lui-même expérimenté."
humanDesign.profiles.4-6;humanDesign;1;Profil 4/6;draft;"Le profil 4/6 accorde une grande importance aux relations et à la stabilité de son entourage. Sa vie évolue souvent en trois temps : expérimentation, prise de recul, puis rôle de modèle. Son influence passe par la confiance qu'il construit avec ses proches."
humanDesign.profiles.4-1;humanDesign;1;Profil 4/1;draft;"Le profil 4/1 est rare et correspond à une trajectoire très personnelle et stable. La personne avance sur une voie qui lui est propre, appuyée sur des fondations solides et sur un réseau de relations fidèles. Elle gagne à rester fidèle à son chemin plutôt qu'à s'adapter aux attentes."
humanDesign.profiles.5-1;humanDesign;1;Profil 5/1;draft;Le profil 5/1 attire les projections : les autres voient souvent en lui la personne capable de résoudre leurs problèmes. Ses solutions sont pertinentes lorsqu'elles reposent sur une étude solide. Gérer sa réputation et clarifier ce qu'il peut vraiment offrir est essentiel.
humanDesign.profiles.5-2;humanDesign;1;Profil 5/2;draft;"Le profil 5/2 associe un fort pouvoir d'influence à un besoin de retrait. La personne est sollicitée pour apporter des solutions, tout en ayant besoin de temps seule pour cultiver ses talents naturels. L'équilibre entre ces deux pôles est sa clé."
humanDesign.profiles.6-2;humanDesign;1;Profil 6/2;draft;"Le profil 6/2 suit souvent une vie en trois temps : expériences, puis prise de recul, puis rôle de modèle. Il possède des talents naturels qui demandent du temps pour eux-mêmes. Avec la maturité, il incarne une forme de sagesse vécue et inspire par l'exemple."
humanDesign.profiles.6-3;humanDesign;1;Profil 6/3;draft;"Le profil 6/3 combine la perspective d'un modèle en devenir avec un apprentissage par l'expérience. Sa vie peut être marquée par des essais et des changements, qui nourrissent peu à peu une compréhension profonde et une sagesse pratique."
humanDesign.definitions.none;humanDesign;2;Définition Aucune;missing;
humanDesign.definitions.single;humanDesign;2;Définition Simple;missing;
humanDesign.definitions.split;humanDesign;2;Définition Divisée;missing;
humanDesign.definitions.triple-split;humanDesign;2;Définition Triple division;missing;
humanDesign.definitions.quadruple-split;humanDesign;2;Définition Quadruple division;missing;
humanDesign.centers.head.defined;humanDesign;2;Tête défini;missing;
humanDesign.centers.head.open;humanDesign;2;Tête ouvert;missing;
humanDesign.centers.ajna.defined;humanDesign;2;Ajna défini;missing;
humanDesign.centers.ajna.open;humanDesign;2;Ajna ouvert;missing;
humanDesign.centers.throat.defined;humanDesign;2;Gorge défini;missing;
humanDesign.centers.throat.open;humanDesign;2;Gorge ouvert;missing;
humanDesign.centers.g.defined;humanDesign;2;G (Identité) défini;missing;
humanDesign.centers.g.open;humanDesign;2;G (Identité) ouvert;missing;
humanDesign.centers.heart.defined;humanDesign;2;Cœur / Ego défini;missing;
humanDesign.centers.heart.open;humanDesign;2;Cœur / Ego ouvert;missing;
humanDesign.centers.spleen.defined;humanDesign;2;Rate défini;missing;
humanDesign.centers.spleen.open;humanDesign;2;Rate ouvert;missing;
humanDesign.centers.solarPlexus.defined;humanDesign;2;Plexus solaire défini;missing;
humanDesign.centers.solarPlexus.open;humanDesign;2;Plexus solaire ouvert;missing;
humanDesign.centers.sacral.defined;humanDesign;2;Sacrale défini;missing;
humanDesign.centers.sacral.open;humanDesign;2;Sacrale ouvert;missing;
humanDesign.centers.root.defined;humanDesign;2;Racine défini;missing;
humanDesign.centers.root.open;humanDesign;2;Racine ouvert;missing;
humanDesign.channels.1-8;humanDesign;2;Canal 1-8;missing;
humanDesign.channels.2-14;humanDesign;2;Canal 2-14;missing;
humanDesign.channels.3-60;humanDesign;2;Canal 3-60;missing;
humanDesign.channels.4-63;humanDesign;2;Canal 4-63;missing;
humanDesign.channels.5-15;humanDesign;2;Canal 5-15;missing;
humanDesign.channels.6-59;humanDesign;2;Canal 6-59;missing;
humanDesign.channels.7-31;humanDesign;2;Canal 7-31;missing;
humanDesign.channels.9-52;humanDesign;2;Canal 9-52;missing;
humanDesign.channels.10-20;humanDesign;2;Canal 10-20;missing;
humanDesign.channels.10-34;humanDesign;2;Canal 10-34;missing;
humanDesign.channels.10-57;humanDesign;2;Canal 10-57;missing;
humanDesign.channels.11-56;humanDesign;2;Canal 11-56;missing;
humanDesign.channels.12-22;humanDesign;2;Canal 12-22;missing;
humanDesign.channels.13-33;humanDesign;2;Canal 13-33;missing;
humanDesign.channels.16-48;humanDesign;2;Canal 16-48;missing;
humanDesign.channels.17-62;humanDesign;2;Canal 17-62;missing;
humanDesign.channels.18-58;humanDesign;2;Canal 18-58;missing;
humanDesign.channels.19-49;humanDesign;2;Canal 19-49;missing;
humanDesign.channels.20-34;humanDesign;2;Canal 20-34;missing;
humanDesign.channels.20-57;humanDesign;2;Canal 20-57;missing;
humanDesign.channels.21-45;humanDesign;2;Canal 21-45;missing;
humanDesign.channels.23-43;humanDesign;2;Canal 23-43;missing;
humanDesign.channels.24-61;humanDesign;2;Canal 24-61;missing;
humanDesign.channels.25-51;humanDesign;2;Canal 25-51;missing;
humanDesign.channels.26-44;humanDesign;2;Canal 26-44;missing;
humanDesign.channels.27-50;humanDesign;2;Canal 27-50;missing;
humanDesign.channels.28-38;humanDesign;2;Canal 28-38;missing;
humanDesign.channels.29-46;humanDesign;2;Canal 29-46;missing;
humanDesign.channels.30-41;humanDesign;2;Canal 30-41;missing;
humanDesign.channels.32-54;humanDesign;2;Canal 32-54;missing;
humanDesign.channels.34-57;humanDesign;2;Canal 34-57;missing;
humanDesign.channels.35-36;humanDesign;2;Canal 35-36;missing;
humanDesign.channels.37-40;humanDesign;2;Canal 37-40;missing;
humanDesign.channels.39-55;humanDesign;2;Canal 39-55;missing;
humanDesign.channels.42-53;humanDesign;2;Canal 42-53;missing;
humanDesign.channels.47-64;humanDesign;2;Canal 47-64;missing;
humanDesign.gates.1;humanDesign;2;Porte 1;missing;
humanDesign.gates.2;humanDesign;2;Porte 2;missing;
humanDesign.gates.3;humanDesign;2;Porte 3;missing;
humanDesign.gates.4;humanDesign;2;Porte 4;missing;
humanDesign.gates.5;humanDesign;2;Porte 5;missing;
humanDesign.gates.6;humanDesign;2;Porte 6;missing;
humanDesign.gates.7;humanDesign;2;Porte 7;missing;
humanDesign.gates.8;humanDesign;2;Porte 8;missing;
humanDesign.gates.9;humanDesign;2;Porte 9;missing;
humanDesign.gates.10;humanDesign;2;Porte 10;missing;
humanDesign.gates.11;humanDesign;2;Porte 11;missing;
humanDesign.gates.12;humanDesign;2;Porte 12;missing;
humanDesign.gates.13;humanDesign;2;Porte 13;missing;
humanDesign.gates.14;humanDesign;2;Porte 14;missing;
humanDesign.gates.15;humanDesign;2;Porte 15;missing;
humanDesign.gates.16;humanDesign;2;Porte 16;missing;
humanDesign.gates.17;humanDesign;2;Porte 17;missing;
humanDesign.gates.18;humanDesign;2;Porte 18;missing;
humanDesign.gates.19;humanDesign;2;Porte 19;missing;
humanDesign.gates.20;humanDesign;2;Porte 20;missing;
humanDesign.gates.21;humanDesign;2;Porte 21;missing;
humanDesign.gates.22;humanDesign;2;Porte 22;missing;
humanDesign.gates.23;humanDesign;2;Porte 23;missing;
humanDesign.gates.24;humanDesign;2;Porte 24;missing;
humanDesign.gates.25;humanDesign;2;Porte 25;missing;
humanDesign.gates.26;humanDesign;2;Porte 26;missing;
humanDesign.gates.27;humanDesign;2;Porte 27;missing;
humanDesign.gates.28;humanDesign;2;Porte 28;missing;
humanDesign.gates.29;humanDesign;2;Porte 29;missing;
humanDesign.gates.30;humanDesign;2;Porte 30;missing;
humanDesign.gates.31;humanDesign;2;Porte 31;missing;
humanDesign.gates.32;humanDesign;2;Porte 32;missing;
humanDesign.gates.33;humanDesign;2;Porte 33;missing;
humanDesign.gates.34;humanDesign;2;Porte 34;missing;
humanDesign.gates.35;humanDesign;2;Porte 35;missing;
humanDesign.gates.36;humanDesign;2;Porte 36;missing;
humanDesign.gates.37;humanDesign;2;Porte 37;missing;
humanDesign.gates.38;humanDesign;2;Porte 38;missing;
humanDesign.gates.39;humanDesign;2;Porte 39;missing;
humanDesign.gates.40;humanDesign;2;Porte 40;missing;
humanDesign.gates.41;humanDesign;2;Porte 41;missing;
humanDesign.gates.42;humanDesign;2;Porte 42;missing;
humanDesign.gates.43;humanDesign;2;Porte 43;missing;
humanDesign.gates.44;humanDesign;2;Porte 44;missing;
humanDesign.gates.45;humanDesign;2;Porte 45;missing;
humanDesign.gates.46;humanDesign;2;Porte 46;missing;
humanDesign.gates.47;humanDesign;2;Porte 47;missing;
humanDesign.gates.48;humanDesign;2;Porte 48;missing;
humanDesign.gates.49;humanDesign;2;Porte 49;missing;
humanDesign.gates.50;humanDesign;2;Porte 50;missing;
humanDesign.gates.51;humanDesign;2;Porte 51;missing;
humanDesign.gates.52;humanDesign;2;Porte 52;missing;
humanDesign.gates.53;humanDesign;2;Porte 53;missing;
humanDesign.gates.54;humanDesign;2;Porte 54;missing;
humanDesign.gates.55;humanDesign;2;Porte 55;missing;
humanDesign.gates.56;humanDesign;2;Porte 56;missing;
humanDesign.gates.57;humanDesign;2;Porte 57;missing;
humanDesign.gates.58;humanDesign;2;Porte 58;missing;
humanDesign.gates.59;humanDesign;2;Porte 59;missing;
humanDesign.gates.60;humanDesign;2;Porte 60;missing;
humanDesign.gates.61;humanDesign;2;Porte 61;missing;
humanDesign.gates.62;humanDesign;2;Porte 62;missing;
humanDesign.gates.63;humanDesign;2;Porte 63;missing;
humanDesign.gates.64;humanDesign;2;Porte 64;missing;
humanDesign.gateLines.1.1;humanDesign;3;"Porte 1, ligne 1";missing;
humanDesign.gateLines.1.2;humanDesign;3;"Porte 1, ligne 2";missing;
humanDesign.gateLines.1.3;humanDesign;3;"Porte 1, ligne 3";missing;
humanDesign.gateLines.1.4;humanDesign;3;"Porte 1, ligne 4";missing;
humanDesign.gateLines.1.5;humanDesign;3;"Porte 1, ligne 5";missing;
humanDesign.gateLines.1.6;humanDesign;3;"Porte 1, ligne 6";missing;
humanDesign.gateLines.2.1;humanDesign;3;"Porte 2, ligne 1";missing;
humanDesign.gateLines.2.2;humanDesign;3;"Porte 2, ligne 2";missing;
humanDesign.gateLines.2.3;humanDesign;3;"Porte 2, ligne 3";missing;
humanDesign.gateLines.2.4;humanDesign;3;"Porte 2, ligne 4";missing;
humanDesign.gateLines.2.5;humanDesign;3;"Porte 2, ligne 5";missing;
humanDesign.gateLines.2.6;humanDesign;3;"Porte 2, ligne 6";missing;
humanDesign.gateLines.3.1;humanDesign;3;"Porte 3, ligne 1";missing;
humanDesign.gateLines.3.2;humanDesign;3;"Porte 3, ligne 2";missing;
humanDesign.gateLines.3.3;humanDesign;3;"Porte 3, ligne 3";missing;
humanDesign.gateLines.3.4;humanDesign;3;"Porte 3, ligne 4";missing;
humanDesign.gateLines.3.5;humanDesign;3;"Porte 3, ligne 5";missing;
humanDesign.gateLines.3.6;humanDesign;3;"Porte 3, ligne 6";missing;
humanDesign.gateLines.4.1;humanDesign;3;"Porte 4, ligne 1";missing;
humanDesign.gateLines.4.2;humanDesign;3;"Porte 4, ligne 2";missing;
humanDesign.gateLines.4.3;humanDesign;3;"Porte 4, ligne 3";missing;
humanDesign.gateLines.4.4;humanDesign;3;"Porte 4, ligne 4";missing;
humanDesign.gateLines.4.5;humanDesign;3;"Porte 4, ligne 5";missing;
humanDesign.gateLines.4.6;humanDesign;3;"Porte 4, ligne 6";missing;
humanDesign.gateLines.5.1;humanDesign;3;"Porte 5, ligne 1";missing;
humanDesign.gateLines.5.2;humanDesign;3;"Porte 5, ligne 2";missing;
humanDesign.gateLines.5.3;humanDesign;3;"Porte 5, ligne 3";missing;
humanDesign.gateLines.5.4;humanDesign;3;"Porte 5, ligne 4";missing;
humanDesign.gateLines.5.5;humanDesign;3;"Porte 5, ligne 5";missing;
humanDesign.gateLines.5.6;humanDesign;3;"Porte 5, ligne 6";missing;
humanDesign.gateLines.6.1;humanDesign;3;"Porte 6, ligne 1";missing;
humanDesign.gateLines.6.2;humanDesign;3;"Porte 6, ligne 2";missing;
humanDesign.gateLines.6.3;humanDesign;3;"Porte 6, ligne 3";missing;
humanDesign.gateLines.6.4;humanDesign;3;"Porte 6, ligne 4";missing;
humanDesign.gateLines.6.5;humanDesign;3;"Porte 6, ligne 5";missing;
humanDesign.gateLines.6.6;humanDesign;3;"Porte 6, ligne 6";missing;
humanDesign.gateLines.7.1;humanDesign;3;"Porte 7, ligne 1";missing;
humanDesign.gateLines.7.2;humanDesign;3;"Porte 7, ligne 2";missing;
humanDesign.gateLines.7.3;humanDesign;3;"Porte 7, ligne 3";missing;
humanDesign.gateLines.7.4;humanDesign;3;"Porte 7, ligne 4";missing;
humanDesign.gateLines.7.5;humanDesign;3;"Porte 7, ligne 5";missing;
humanDesign.gateLines.7.6;humanDesign;3;"Porte 7, ligne 6";missing;
humanDesign.gateLines.8.1;humanDesign;3;"Porte 8, ligne 1";missing;
humanDesign.gateLines.8.2;humanDesign;3;"Porte 8, ligne 2";missing;
humanDesign.gateLines.8.3;humanDesign;3;"Porte 8, ligne 3";missing;
humanDesign.gateLines.8.4;humanDesign;3;"Porte 8, ligne 4";missing;
humanDesign.gateLines.8.5;humanDesign;3;"Porte 8, ligne 5";missing;
humanDesign.gateLines.8.6;humanDesign;3;"Porte 8, ligne 6";missing;
humanDesign.gateLines.9.1;humanDesign;3;"Porte 9, ligne 1";missing;
humanDesign.gateLines.9.2;humanDesign;3;"Porte 9, ligne 2";missing;
humanDesign.gateLines.9.3;humanDesign;3;"Porte 9, ligne 3";missing;
humanDesign.gateLines.9.4;humanDesign;3;"Porte 9, ligne 4";missing;
humanDesign.gateLines.9.5;humanDesign;3;"Porte 9, ligne 5";missing;
humanDesign.gateLines.9.6;humanDesign;3;"Porte 9, ligne 6";missing;
humanDesign.gateLines.10.1;humanDesign;3;"Porte 10, ligne 1";missing;
humanDesign.gateLines.10.2;humanDesign;3;"Porte 10, ligne 2";missing;
humanDesign.gateLines.10.3;humanDesign;3;"Porte 10, ligne 3";missing;
humanDesign.gateLines.10.4;humanDesign;3;"Porte 10, ligne 4";missing;
humanDesign.gateLines.10.5;humanDesign;3;"Porte 10, ligne 5";missing;
humanDesign.gateLines.10.6;humanDesign;3;"Porte 10, ligne 6";missing;
humanDesign.gateLines.11.1;humanDesign;3;"Porte 11, ligne 1";missing;
humanDesign.gateLines.11.2;humanDesign;3;"Porte 11, ligne 2";missing;
humanDesign.gateLines.11.3;humanDesign;3;"Porte 11, ligne 3";missing;
humanDesign.gateLines.11.4;humanDesign;3;"Porte 11, ligne 4";missing;
humanDesign.gateLines.11.5;humanDesign;3;"Porte 11, ligne 5";missing;
humanDesign.gateLines.11.6;humanDesign;3;"Porte 11, ligne 6";missing;
humanDesign.gateLines.12.1;humanDesign;3;"Porte 12, ligne 1";missing;
humanDesign.gateLines.12.2;humanDesign;3;"Porte 12, ligne 2";missing;
humanDesign.gateLines.12.3;humanDesign;3;"Porte 12, ligne 3";missing;
humanDesign.gateLines.12.4;humanDesign;3;"Porte 12, ligne 4";missing;
humanDesign.gateLines.12.5;humanDesign;3;"Porte 12, ligne 5";missing;
humanDesign.gateLines.12.6;humanDesign;3;"Porte 12, ligne 6";missing;
humanDesign.gateLines.13.1;humanDesign;3;"Porte 13, ligne 1";missing;
humanDesign.gateLines.13.2;humanDesign;3;"Porte 13, ligne 2";missing;
humanDesign.gateLines.13.3;humanDesign;3;"Porte 13, ligne 3";missing;
humanDesign.gateLines.13.4;humanDesign;3;"Porte 13, ligne 4";missing;
humanDesign.gateLines.13.5;humanDesign;3;"Porte 13, ligne 5";missing;
humanDesign.gateLines.13.6;humanDesign;3;"Porte 13, ligne 6";missing;
humanDesign.gateLines.14.1;humanDesign;3;"Porte 14, ligne 1";missing;
humanDesign.gateLines.14.2;humanDesign;3;"Porte 14, ligne 2";missing;
humanDesign.gateLines.14.3;humanDesign;3;"Porte 14, ligne 3";missing;
humanDesign.gateLines.14.4;humanDesign;3;"Porte 14, ligne 4";missing;
humanDesign.gateLines.14.5;humanDesign;3;"Porte 14, ligne 5";missing;
humanDesign.gateLines.14.6;humanDesign;3;"Porte 14, ligne 6";missing;
humanDesign.gateLines.15.1;humanDesign;3;"Porte 15, ligne 1";missing;
humanDesign.gateLines.15.2;humanDesign;3;"Porte 15, ligne 2";missing;
humanDesign.gateLines.15.3;humanDesign;3;"Porte 15, ligne 3";missing;
humanDesign.gateLines.15.4;humanDesign;3;"Porte 15, ligne 4";missing;
humanDesign.gateLines.15.5;humanDesign;3;"Porte 15, ligne 5";missing;
humanDesign.gateLines.15.6;humanDesign;3;"Porte 15, ligne 6";missing;
humanDesign.gateLines.16.1;humanDesign;3;"Porte 16, ligne 1";missing;
humanDesign.gateLines.16.2;humanDesign;3;"Porte 16, ligne 2";missing;
humanDesign.gateLines.16.3;humanDesign;3;"Porte 16, ligne 3";missing;
humanDesign.gateLines.16.4;humanDesign;3;"Porte 16, ligne 4";missing;
humanDesign.gateLines.16.5;humanDesign;3;"Porte 16, ligne 5";missing;
humanDesign.gateLines.16.6;humanDesign;3;"Porte 16, ligne 6";missing;
humanDesign.gateLines.17.1;humanDesign;3;"Porte 17, ligne 1";missing;
humanDesign.gateLines.17.2;humanDesign;3;"Porte 17, ligne 2";missing;
humanDesign.gateLines.17.3;humanDesign;3;"Porte 17, ligne 3";missing;
humanDesign.gateLines.17.4;humanDesign;3;"Porte 17, ligne 4";missing;
humanDesign.gateLines.17.5;humanDesign;3;"Porte 17, ligne 5";missing;
humanDesign.gateLines.17.6;humanDesign;3;"Porte 17, ligne 6";missing;
humanDesign.gateLines.18.1;humanDesign;3;"Porte 18, ligne 1";missing;
humanDesign.gateLines.18.2;humanDesign;3;"Porte 18, ligne 2";missing;
humanDesign.gateLines.18.3;humanDesign;3;"Porte 18, ligne 3";missing;
humanDesign.gateLines.18.4;humanDesign;3;"Porte 18, ligne 4";missing;
humanDesign.gateLines.18.5;humanDesign;3;"Porte 18, ligne 5";missing;
humanDesign.gateLines.18.6;humanDesign;3;"Porte 18, ligne 6";missing;
humanDesign.gateLines.19.1;humanDesign;3;"Porte 19, ligne 1";missing;
humanDesign.gateLines.19.2;humanDesign;3;"Porte 19, ligne 2";missing;
humanDesign.gateLines.19.3;humanDesign;3;"Porte 19, ligne 3";missing;
humanDesign.gateLines.19.4;humanDesign;3;"Porte 19, ligne 4";missing;
humanDesign.gateLines.19.5;humanDesign;3;"Porte 19, ligne 5";missing;
humanDesign.gateLines.19.6;humanDesign;3;"Porte 19, ligne 6";missing;
humanDesign.gateLines.20.1;humanDesign;3;"Porte 20, ligne 1";missing;
humanDesign.gateLines.20.2;humanDesign;3;"Porte 20, ligne 2";missing;
humanDesign.gateLines.20.3;humanDesign;3;"Porte 20, ligne 3";missing;
humanDesign.gateLines.20.4;humanDesign;3;"Porte 20, ligne 4";missing;
humanDesign.gateLines.20.5;humanDesign;3;"Porte 20, ligne 5";missing;
humanDesign.gateLines.20.6;humanDesign;3;"Porte 20, ligne 6";missing;
humanDesign.gateLines.21.1;humanDesign;3;"Porte 21, ligne 1";missing;
humanDesign.gateLines.21.2;humanDesign;3;"Porte 21, ligne 2";missing;
humanDesign.gateLines.21.3;humanDesign;3;"Porte 21, ligne 3";missing;
humanDesign.gateLines.21.4;humanDesign;3;"Porte 21, ligne 4";missing;
humanDesign.gateLines.21.5;humanDesign;3;"Porte 21, ligne 5";missing;
humanDesign.gateLines.21.6;humanDesign;3;"Porte 21, ligne 6";missing;
humanDesign.gateLines.22.1;humanDesign;3;"Porte 22, ligne 1";missing;
humanDesign.gateLines.22.2;humanDesign;3;"Porte 22, ligne 2";missing;
humanDesign.gateLines.22.3;humanDesign;3;"Porte 22, ligne 3";missing;
humanDesign.gateLines.22.4;humanDesign;3;"Porte 22, ligne 4";missing;
humanDesign.gateLines.22.5;humanDesign;3;"Porte 22, ligne 5";missing;
humanDesign.gateLines.22.6;humanDesign;3;"Porte 22, ligne 6";missing;
humanDesign.gateLines.23.1;humanDesign;3;"Porte 23, ligne 1";missing;
humanDesign.gateLines.23.2;humanDesign;3;"Porte 23, ligne 2";missing;
humanDesign.gateLines.23.3;humanDesign;3;"Porte 23, ligne 3";missing;
humanDesign.gateLines.23.4;humanDesign;3;"Porte 23, ligne 4";missing;
humanDesign.gateLines.23.5;humanDesign;3;"Porte 23, ligne 5";missing;
humanDesign.gateLines.23.6;humanDesign;3;"Porte 23, ligne 6";missing;
humanDesign.gateLines.24.1;humanDesign;3;"Porte 24, ligne 1";missing;
humanDesign.gateLines.24.2;humanDesign;3;"Porte 24, ligne 2";missing;
humanDesign.gateLines.24.3;humanDesign;3;"Porte 24, ligne 3";missing;
humanDesign.gateLines.24.4;humanDesign;3;"Porte 24, ligne 4";missing;
humanDesign.gateLines.24.5;humanDesign;3;"Porte 24, ligne 5";missing;
humanDesign.gateLines.24.6;humanDesign;3;"Porte 24, ligne 6";missing;
humanDesign.gateLines.25.1;humanDesign;3;"Porte 25, ligne 1";missing;
humanDesign.gateLines.25.2;humanDesign;3;"Porte 25, ligne 2";missing;
humanDesign.gateLines.25.3;humanDesign;3;"Porte 25, ligne 3";missing;
humanDesign.gateLines.25.4;humanDesign;3;"Porte 25, ligne 4";missing;
humanDesign.gateLines.25.5;humanDesign;3;"Porte 25, ligne 5";missing;
humanDesign.gateLines.25.6;humanDesign;3;"Porte 25, ligne 6";missing;
humanDesign.gateLines.26.1;humanDesign;3;"Porte 26, ligne 1";missing;
humanDesign.gateLines.26.2;humanDesign;3;"Porte 26, ligne 2";missing;
humanDesign.gateLines.26.3;humanDesign;3;"Porte 26, ligne 3";missing;
humanDesign.gateLines.26.4;humanDesign;3;"Porte 26, ligne 4";missing;
humanDesign.gateLines.26.5;humanDesign;3;"Porte 26, ligne 5";missing;
humanDesign.gateLines.26.6;humanDesign;3;"Porte 26, ligne 6";missing;
humanDesign.gateLines.27.1;humanDesign;3;"Porte 27, ligne 1";missing;
humanDesign.gateLines.27.2;humanDesign;3;"Porte 27, ligne 2";missing;
humanDesign.gateLines.27.3;humanDesign;3;"Porte 27, ligne 3";missing;
humanDesign.gateLines.27.4;humanDesign;3;"Porte 27, ligne 4";missing;
humanDesign.gateLines.27.5;humanDesign;3;"Porte 27, ligne 5";missing;
humanDesign.gateLines.27.6;humanDesign;3;"Porte 27, ligne 6";missing;
humanDesign.gateLines.28.1;humanDesign;3;"Porte 28, ligne 1";missing;
humanDesign.gateLines.28.2;humanDesign;3;"Porte 28, ligne 2";missing;
humanDesign.gateLines.28.3;humanDesign;3;"Porte 28, ligne 3";missing;
humanDesign.gateLines.28.4;humanDesign;3;"Porte 28, ligne 4";missing;
humanDesign.gateLines.28.5;humanDesign;3;"Porte 28, ligne 5";missing;
humanDesign.gateLines.28.6;humanDesign;3;"Porte 28, ligne 6";missing;
humanDesign.gateLines.29.1;humanDesign;3;"Porte 29, ligne 1";missing;
humanDesign.gateLines.29.2;humanDesign;3;"Porte 29, ligne 2";missing;
humanDesign.gateLines.29.3;humanDesign;3;"Porte 29, ligne 3";missing;
humanDesign.gateLines.29.4;humanDesign;3;"Porte 29, ligne 4";missing;
humanDesign.gateLines.29.5;humanDesign;3;"Porte 29, ligne 5";missing;
humanDesign.gateLines.29.6;humanDesign;3;"Porte 29, ligne 6";missing;
humanDesign.gateLines.30.1;humanDesign;3;"Porte 30, ligne 1";missing;
humanDesign.gateLines.30.2;humanDesign;3;"Porte 30, ligne 2";missing;
humanDesign.gateLines.30.3;humanDesign;3;"Porte 30, ligne 3";missing;
humanDesign.gateLines.30.4;humanDesign;3;"Porte 30, ligne 4";missing;
humanDesign.gateLines.30.5;humanDesign;3;"Porte 30, ligne 5";missing;
humanDesign.gateLines.30.6;humanDesign;3;"Porte 30, ligne 6";missing;
humanDesign.gateLines.31.1;humanDesign;3;"Porte 31, ligne 1";missing;
humanDesign.gateLines.31.2;humanDesign;3;"Porte 31, ligne 2";missing;
humanDesign.gateLines.31.3;humanDesign;3;"Porte 31, ligne 3";missing;
humanDesign.gateLines.31.4;humanDesign;3;"Porte 31, ligne 4";missing;
humanDesign.gateLines.31.5;humanDesign;3;"Porte 31, ligne 5";missing;
humanDesign.gateLines.31.6;humanDesign;3;"Porte 31, ligne 6";missing;
humanDesign.gateLines.32.1;humanDesign;3;"Porte 32, ligne 1";missing;
humanDesign.gateLines.32.2;humanDesign;3;"Porte 32, ligne 2";missing;
humanDesign.gateLines.32.3;humanDesign;3;"Porte 32, ligne 3";missing;
humanDesign.gateLines.32.4;humanDesign;3;"Porte 32, ligne 4";missing;
humanDesign.gateLines.32.5;humanDesign;3;"Porte 32, ligne 5";missing;
humanDesign.gateLines.32.6;humanDesign;3;"Porte 32, ligne 6";missing;
humanDesign.gateLines.33.1;humanDesign;3;"Porte 33, ligne 1";missing;
humanDesign.gateLines.33.2;humanDesign;3;"Porte 33, ligne 2";missing;
humanDesign.gateLines.33.3;humanDesign;3;"Porte 33, ligne 3";missing;
humanDesign.gateLines.33.4;humanDesign;3;"Porte 33, ligne 4";missing;
humanDesign.gateLines.33.5;humanDesign;3;"Porte 33, ligne 5";missing;
humanDesign.gateLines.33.6;humanDesign;3;"Porte 33, ligne 6";missing;
humanDesign.gateLines.34.1;humanDesign;3;"Porte 34, ligne 1";missing;
humanDesign.gateLines.34.2;humanDesign;3;"Porte 34, ligne 2";missing;
humanDesign.gateLines.34.3;humanDesign;3;"Porte 34, ligne 3";missing;
humanDesign.gateLines.34.4;humanDesign;3;"Porte 34, ligne 4";missing;
humanDesign.gateLines.34.5;humanDesign;3;"Porte 34, ligne 5";missing;
humanDesign.gateLines.34.6;humanDesign;3;"Porte 34, ligne 6";missing;
humanDesign.gateLines.35.1;humanDesign;3;"Porte 35, ligne 1";missing;
humanDesign.gateLines.35.2;humanDesign;3;"Porte 35, ligne 2";missing;
humanDesign.gateLines.35.3;humanDesign;3;"Porte 35, ligne 3";missing;
humanDesign.gateLines.35.4;humanDesign;3;"Porte 35, ligne 4";missing;
humanDesign.gateLines.35.5;humanDesign;3;"Porte 35, ligne 5";missing;
humanDesign.gateLines.35.6;humanDesign;3;"Porte 35, ligne 6";missing;
humanDesign.gateLines.36.1;humanDesign;3;"Porte 36, ligne 1";missing;
humanDesign.gateLines.36.2;humanDesign;3;"Porte 36, ligne 2";missing;
humanDesign.gateLines.36.3;humanDesign;3;"Porte 36, ligne 3";missing;
humanDesign.gateLines.36.4;humanDesign;3;"Porte 36, ligne 4";missing;
humanDesign.gateLines.36.5;humanDesign;3;"Porte 36, ligne 5";missing;
humanDesign.gateLines.36.6;humanDesign;3;"Porte 36, ligne 6";missing;
humanDesign.gateLines.37.1;humanDesign;3;"Porte 37, ligne 1";missing;
humanDesign.gateLines.37.2;humanDesign;3;"Porte 37, ligne 2";missing;
humanDesign.gateLines.37.3;humanDesign;3;"Porte 37, ligne 3";missing;
humanDesign.gateLines.37.4;humanDesign;3;"Porte 37, ligne 4";missing;
humanDesign.gateLines.37.5;humanDesign;3;"Porte 37, ligne 5";missing;
humanDesign.gateLines.37.6;humanDesign;3;"Porte 37, ligne 6";missing;
humanDesign.gateLines.38.1;humanDesign;3;"Porte 38, ligne 1";missing;
humanDesign.gateLines.38.2;humanDesign;3;"Porte 38, ligne 2";missing;
humanDesign.gateLines.38.3;humanDesign;3;"Porte 38, ligne 3";missing;
humanDesign.gateLines.38.4;humanDesign;3;"Porte 38, ligne 4";missing;
humanDesign.gateLines.38.5;humanDesign;3;"Porte 38, ligne 5";missing;
humanDesign.gateLines.38.6;humanDesign;3;"Porte 38, ligne 6";missing;
humanDesign.gateLines.39.1;humanDesign;3;"Porte 39, ligne 1";missing;
humanDesign.gateLines.39.2;humanDesign;3;"Porte 39, ligne 2";missing;
humanDesign.gateLines.39.3;humanDesign;3;"Porte 39, ligne 3";missing;
humanDesign.gateLines.39.4;humanDesign;3;"Porte 39, ligne 4";missing;
humanDesign.gateLines.39.5;humanDesign;3;"Porte 39, ligne 5";missing;
humanDesign.gateLines.39.6;humanDesign;3;"Porte 39, ligne 6";missing;
humanDesign.gateLines.40.1;humanDesign;3;"Porte 40, ligne 1";missing;
humanDesign.gateLines.40.2;humanDesign;3;"Porte 40, ligne 2";missing;
humanDesign.gateLines.40.3;humanDesign;3;"Porte 40, ligne 3";missing;
humanDesign.gateLines.40.4;humanDesign;3;"Porte 40, ligne 4";missing;
humanDesign.gateLines.40.5;humanDesign;3;"Porte 40, ligne 5";missing;
humanDesign.gateLines.40.6;humanDesign;3;"Porte 40, ligne 6";missing;
humanDesign.gateLines.41.1;humanDesign;3;"Porte 41, ligne 1";missing;
humanDesign.gateLines.41.2;humanDesign;3;"Porte 41, ligne 2";missing;
humanDesign.gateLines.41.3;humanDesign;3;"Porte 41, ligne 3";missing;
humanDesign.gateLines.41.4;humanDesign;3;"Porte 41, ligne 4";missing;
humanDesign.gateLines.41.5;humanDesign;3;"Porte 41, ligne 5";missing;
humanDesign.gateLines.41.6;humanDesign;3;"Porte 41, ligne 6";missing;
humanDesign.gateLines.42.1;humanDesign;3;"Porte 42, ligne 1";missing;
humanDesign.gateLines.42.2;humanDesign;3;"Porte 42, ligne 2";missing;
humanDesign.gateLines.42.3;humanDesign;3;"Porte 42, ligne 3";missing;
humanDesign.gateLines.42.4;humanDesign;3;"Porte 42, ligne 4";missing;
humanDesign.gateLines.42.5;humanDesign;3;"Porte 42, ligne 5";missing;
humanDesign.gateLines.42.6;humanDesign;3;"Porte 42, ligne 6";missing;
humanDesign.gateLines.43.1;humanDesign;3;"Porte 43, ligne 1";missing;
humanDesign.gateLines.43.2;humanDesign;3;"Porte 43, ligne 2";missing;
humanDesign.gateLines.43.3;humanDesign;3;"Porte 43, ligne 3";missing;
humanDesign.gateLines.43.4;humanDesign;3;"Porte 43, ligne 4";missing;
humanDesign.gateLines.43.5;humanDesign;3;"Porte 43, ligne 5";missing;
humanDesign.gateLines.43.6;humanDesign;3;"Porte 43, ligne 6";missing;
humanDesign.gateLines.44.1;humanDesign;3;"Porte 44, ligne 1";missing;
humanDesign.gateLines.44.2;humanDesign;3;"Porte 44, ligne 2";missing;
humanDesign.gateLines.44.3;humanDesign;3;"Porte 44, ligne 3";missing;
humanDesign.gateLines.44.4;humanDesign;3;"Porte 44, ligne 4";missing;
humanDesign.gateLines.44.5;humanDesign;3;"Porte 44, ligne 5";missing;
humanDesign.gateLines.44.6;humanDesign;3;"Porte 44, ligne 6";missing;
humanDesign.gateLines.45.1;humanDesign;3;"Porte 45, ligne 1";missing;
humanDesign.gateLines.45.2;humanDesign;3;"Porte 45, ligne 2";missing;
humanDesign.gateLines.45.3;humanDesign;3;"Porte 45, ligne 3";missing;
humanDesign.gateLines.45.4;humanDesign;3;"Porte 45, ligne 4";missing;
humanDesign.gateLines.45.5;humanDesign;3;"Porte 45, ligne 5";missing;
humanDesign.gateLines.45.6;humanDesign;3;"Porte 45, ligne 6";missing;
humanDesign.gateLines.46.1;humanDesign;3;"Porte 46, ligne 1";missing;
humanDesign.gateLines.46.2;humanDesign;3;"Porte 46, ligne 2";missing;
humanDesign.gateLines.46.3;humanDesign;3;"Porte 46, ligne 3";missing;
humanDesign.gateLines.46.4;humanDesign;3;"Porte 46, ligne 4";missing;
humanDesign.gateLines.46.5;humanDesign;3;"Porte 46, ligne 5";missing;
humanDesign.gateLines.46.6;humanDesign;3;"Porte 46, ligne 6";missing;
humanDesign.gateLines.47.1;humanDesign;3;"Porte 47, ligne 1";missing;
humanDesign.gateLines.47.2;humanDesign;3;"Porte 47, ligne 2";missing;
humanDesign.gateLines.47.3;humanDesign;3;"Porte 47, ligne 3";missing;
humanDesign.gateLines.47.4;humanDesign;3;"Porte 47, ligne 4";missing;
humanDesign.gateLines.47.5;humanDesign;3;"Porte 47, ligne 5";missing;
humanDesign.gateLines.47.6;humanDesign;3;"Porte 47, ligne 6";missing;
humanDesign.gateLines.48.1;humanDesign;3;"Porte 48, ligne 1";missing;
humanDesign.gateLines.48.2;humanDesign;3;"Porte 48, ligne 2";missing;
humanDesign.gateLines.48.3;humanDesign;3;"Porte 48, ligne 3";missing;
humanDesign.gateLines.48.4;humanDesign;3;"Porte 48, ligne 4";missing;
humanDesign.gateLines.48.5;humanDesign;3;"Porte 48, ligne 5";missing;
humanDesign.gateLines.48.6;humanDesign;3;"Porte 48, ligne 6";missing;
humanDesign.gateLines.49.1;humanDesign;3;"Porte 49, ligne 1";missing;
humanDesign.gateLines.49.2;humanDesign;3;"Porte 49, ligne 2";missing;
humanDesign.gateLines.49.3;humanDesign;3;"Porte 49, ligne 3";missing;
humanDesign.gateLines.49.4;humanDesign;3;"Porte 49, ligne 4";missing;
humanDesign.gateLines.49.5;humanDesign;3;"Porte 49, ligne 5";missing;
humanDesign.gateLines.49.6;humanDesign;3;"Porte 49, ligne 6";missing;
humanDesign.gateLines.50.1;humanDesign;3;"Porte 50, ligne 1";missing;
humanDesign.gateLines.50.2;humanDesign;3;"Porte 50, ligne 2";missing;
humanDesign.gateLines.50.3;humanDesign;3;"Porte 50, ligne 3";missing;
humanDesign.gateLines.50.4;humanDesign;3;"Porte 50, ligne 4";missing;
humanDesign.gateLines.50.5;humanDesign;3;"Porte 50, ligne 5";missing;
humanDesign.gateLines.50.6;humanDesign;3;"Porte 50, ligne 6";missing;
humanDesign.gateLines.51.1;humanDesign;3;"Porte 51, ligne 1";missing;
humanDesign.gateLines.51.2;humanDesign;3;"Porte 51, ligne 2";missing;
humanDesign.gateLines.51.3;humanDesign;3;"Porte 51, ligne 3";missing;
humanDesign.gateLines.51.4;humanDesign;3;"Porte 51, ligne 4";missing;
humanDesign.gateLines.51.5;humanDesign;3;"Porte 51, ligne 5";missing;
humanDesign.gateLines.51.6;humanDesign;3;"Porte 51, ligne 6";missing;
humanDesign.gateLines.52.1;humanDesign;3;"Porte 52, ligne 1";missing;
humanDesign.gateLines.52.2;humanDesign;3;"Porte 52, ligne 2";missing;
humanDesign.gateLines.52.3;humanDesign;3;"Porte 52, ligne 3";missing;
humanDesign.gateLines.52.4;humanDesign;3;"Porte 52, ligne 4";missing;
humanDesign.gateLines.52.5;humanDesign;3;"Porte 52, ligne 5";missing;
humanDesign.gateLines.52.6;humanDesign;3;"Porte 52, ligne 6";missing;
humanDesign.gateLines.53.1;humanDesign;3;"Porte 53, ligne 1";missing;
humanDesign.gateLines.53.2;humanDesign;3;"Porte 53, ligne 2";missing;
humanDesign.gateLines.53.3;humanDesign;3;"Porte 53, ligne 3";missing;
humanDesign.gateLines.53.4;humanDesign;3;"Porte 53, ligne 4";missing;
humanDesign.gateLines.53.5;humanDesign;3;"Porte 53, ligne 5";missing;
humanDesign.gateLines.53.6;humanDesign;3;"Porte 53, ligne 6";missing;
humanDesign.gateLines.54.1;humanDesign;3;"Porte 54, ligne 1";missing;
humanDesign.gateLines.54.2;humanDesign;3;"Porte 54, ligne 2";missing;
humanDesign.gateLines.54.3;humanDesign;3;"Porte 54, ligne 3";missing;
humanDesign.gateLines.54.4;humanDesign;3;"Porte 54, ligne 4";missing;
humanDesign.gateLines.54.5;humanDesign;3;"Porte 54, ligne 5";missing;
humanDesign.gateLines.54.6;humanDesign;3;"Porte 54, ligne 6";missing;
humanDesign.gateLines.55.1;humanDesign;3;"Porte 55, ligne 1";missing;
humanDesign.gateLines.55.2;humanDesign;3;"Porte 55, ligne 2";missing;
humanDesign.gateLines.55.3;humanDesign;3;"Porte 55, ligne 3";missing;
humanDesign.gateLines.55.4;humanDesign;3;"Porte 55, ligne 4";missing;
humanDesign.gateLines.55.5;humanDesign;3;"Porte 55, ligne 5";missing;
humanDesign.gateLines.55.6;humanDesign;3;"Porte 55, ligne 6";missing;
humanDesign.gateLines.56.1;humanDesign;3;"Porte 56, ligne 1";missing;
humanDesign.gateLines.56.2;humanDesign;3;"Porte 56, ligne 2";missing;
humanDesign.gateLines.56.3;humanDesign;3;"Porte 56, ligne 3";missing;
humanDesign.gateLines.56.4;humanDesign;3;"Porte 56, ligne 4";missing;
humanDesign.gateLines.56.5;humanDesign;3;"Porte 56, ligne 5";missing;
humanDesign.gateLines.56.6;humanDesign;3;"Porte 56, ligne 6";missing;
humanDesign.gateLines.57.1;humanDesign;3;"Porte 57, ligne 1";missing;
humanDesign.gateLines.57.2;humanDesign;3;"Porte 57, ligne 2";missing;
humanDesign.gateLines.57.3;humanDesign;3;"Porte 57, ligne 3";missing;
humanDesign.gateLines.57.4;humanDesign;3;"Porte 57, ligne 4";missing;
humanDesign.gateLines.57.5;humanDesign;3;"Porte 57, ligne 5";missing;
humanDesign.gateLines.57.6;humanDesign;3;"Porte 57, ligne 6";missing;
humanDesign.gateLines.58.1;humanDesign;3;"Porte 58, ligne 1";missing;
humanDesign.gateLines.58.2;humanDesign;3;"Porte 58, ligne 2";missing;
humanDesign.gateLines.58.3;humanDesign;3;"Porte 58, ligne 3";missing;
humanDesign.gateLines.58.4;humanDesign;3;"Porte 58, ligne 4";missing;
humanDesign.gateLines.58.5;humanDesign;3;"Porte 58, ligne 5";missing;
humanDesign.gateLines.58.6;humanDesign;3;"Porte 58, ligne 6";missing;
humanDesign.gateLines.59.1;humanDesign;3;"Porte 59, ligne 1";missing;
humanDesign.gateLines.59.2;humanDesign;3;"Porte 59, ligne 2";missing;
humanDesign.gateLines.59.3;humanDesign;3;"Porte 59, ligne 3";missing;
humanDesign.gateLines.59.4;humanDesign;3;"Porte 59, ligne 4";missing;
humanDesign.gateLines.59.5;humanDesign;3;"Porte 59, ligne 5";missing;
humanDesign.gateLines.59.6;humanDesign;3;"Porte 59, ligne 6";missing;
humanDesign.gateLines.60.1;humanDesign;3;"Porte 60, ligne 1";missing;
humanDesign.gateLines.60.2;humanDesign;3;"Porte 60, ligne 2";missing;
humanDesign.gateLines.60.3;humanDesign;3;"Porte 60, ligne 3";missing;
humanDesign.gateLines.60.4;humanDesign;3;"Porte 60, ligne 4";missing;
humanDesign.gateLines.60.5;humanDesign;3;"Porte 60, ligne 5";missing;
humanDesign.gateLines.60.6;humanDesign;3;"Porte 60, ligne 6";missing;
humanDesign.gateLines.61.1;humanDesign;3;"Porte 61, ligne 1";missing;
humanDesign.gateLines.61.2;humanDesign;3;"Porte 61, ligne 2";missing;
humanDesign.gateLines.61.3;humanDesign;3;"Porte 61, ligne 3";missing;
humanDesign.gateLines.61.4;humanDesign;3;"Porte 61, ligne 4";missing;
humanDesign.gateLines.61.5;humanDesign;3;"Porte 61, ligne 5";missing;
humanDesign.gateLines.61.6;humanDesign;3;"Porte 61, ligne 6";missing;
humanDesign.gateLines.62.1;humanDesign;3;"Porte 62, ligne 1";missing;
humanDesign.gateLines.62.2;humanDesign;3;"Porte 62, ligne 2";missing;
humanDesign.gateLines.62.3;humanDesign;3;"Porte 62, ligne 3";missing;
humanDesign.gateLines.62.4;humanDesign;3;"Porte 62, ligne 4";missing;
humanDesign.gateLines.62.5;humanDesign;3;"Porte 62, ligne 5";missing;
humanDesign.gateLines.62.6;humanDesign;3;"Porte 62, ligne 6";missing;
humanDesign.gateLines.63.1;humanDesign;3;"Porte 63, ligne 1";missing;
humanDesign.gateLines.63.2;humanDesign;3;"Porte 63, ligne 2";missing;
humanDesign.gateLines.63.3;humanDesign;3;"Porte 63, ligne 3";missing;
humanDesign.gateLines.63.4;humanDesign;3;"Porte 63, ligne 4";missing;
humanDesign.gateLines.63.5;humanDesign;3;"Porte 63, ligne 5";missing;
humanDesign.gateLines.63.6;humanDesign;3;"Porte 63, ligne 6";missing;
humanDesign.gateLines.64.1;humanDesign;3;"Porte 64, ligne 1";missing;
humanDesign.gateLines.64.2;humanDesign;3;"Porte 64, ligne 2";missing;
humanDesign.gateLines.64.3;humanDesign;3;"Porte 64, ligne 3";missing;
humanDesign.gateLines.64.4;humanDesign;3;"Porte 64, ligne 4";missing;
humanDesign.gateLines.64.5;humanDesign;3;"Porte 64, ligne 5";missing;
humanDesign.gateLines.64.6;humanDesign;3;"Porte 64, ligne 6";missing;
humanDesign.activationPoints.sun;humanDesign;3;Soleil;missing;
humanDesign.activationPoints.earth;humanDesign;3;Terre;missing;
humanDesign.activationPoints.northNode;humanDesign;3;Nœud Nord;missing;
humanDesign.activationPoints.southNode;humanDesign;3;Nœud Sud;missing;
humanDesign.activationPoints.moon;humanDesign;3;Lune;missing;
humanDesign.activationPoints.mercury;humanDesign;3;Mercure;missing;
humanDesign.activationPoints.venus;humanDesign;3;Vénus;missing;
humanDesign.activationPoints.mars;humanDesign;3;Mars;missing;
humanDesign.activationPoints.jupiter;humanDesign;3;Jupiter;missing;
humanDesign.activationPoints.saturn;humanDesign;3;Saturne;missing;
humanDesign.activationPoints.uranus;humanDesign;3;Uranus;missing;
humanDesign.activationPoints.neptune;humanDesign;3;Neptune;missing;
humanDesign.activationPoints.pluto;humanDesign;3;Pluton;missing;
humanDesign.incarnationCrosses.right.1;humanDesign;2;"Croix angle droit, Soleil en porte 1";missing;
humanDesign.incarnationCrosses.right.2;humanDesign;2;"Croix angle droit, Soleil en porte 2";missing;
humanDesign.incarnationCrosses.right.3;humanDesign;2;"Croix angle droit, Soleil en porte 3";missing;
humanDesign.incarnationCrosses.right.4;humanDesign;2;"Croix angle droit, Soleil en porte 4";missing;
humanDesign.incarnationCrosses.right.5;humanDesign;2;"Croix angle droit, Soleil en porte 5";missing;
humanDesign.incarnationCrosses.right.6;humanDesign;2;"Croix angle droit, Soleil en porte 6";missing;
humanDesign.incarnationCrosses.right.7;humanDesign;2;"Croix angle droit, Soleil en porte 7";missing;
humanDesign.incarnationCrosses.right.8;humanDesign;2;"Croix angle droit, Soleil en porte 8";missing;
humanDesign.incarnationCrosses.right.9;humanDesign;2;"Croix angle droit, Soleil en porte 9";missing;
humanDesign.incarnationCrosses.right.10;humanDesign;2;"Croix angle droit, Soleil en porte 10";missing;
humanDesign.incarnationCrosses.right.11;humanDesign;2;"Croix angle droit, Soleil en porte 11";missing;
humanDesign.incarnationCrosses.right.12;humanDesign;2;"Croix angle droit, Soleil en porte 12";missing;
humanDesign.incarnationCrosses.right.13;humanDesign;2;"Croix angle droit, Soleil en porte 13";missing;
humanDesign.incarnationCrosses.right.14;humanDesign;2;"Croix angle droit, Soleil en porte 14";missing;
humanDesign.incarnationCrosses.right.15;humanDesign;2;"Croix angle droit, Soleil en porte 15";missing;
humanDesign.incarnationCrosses.right.16;humanDesign;2;"Croix angle droit, Soleil en porte 16";missing;
humanDesign.incarnationCrosses.right.17;humanDesign;2;"Croix angle droit, Soleil en porte 17";missing;
humanDesign.incarnationCrosses.right.18;humanDesign;2;"Croix angle droit, Soleil en porte 18";missing;
humanDesign.incarnationCrosses.right.19;humanDesign;2;"Croix angle droit, Soleil en porte 19";missing;
humanDesign.incarnationCrosses.right.20;humanDesign;2;"Croix angle droit, Soleil en porte 20";missing;
humanDesign.incarnationCrosses.right.21;humanDesign;2;"Croix angle droit, Soleil en porte 21";missing;
humanDesign.incarnationCrosses.right.22;humanDesign;2;"Croix angle droit, Soleil en porte 22";missing;
humanDesign.incarnationCrosses.right.23;humanDesign;2;"Croix angle droit, Soleil en porte 23";missing;
humanDesign.incarnationCrosses.right.24;humanDesign;2;"Croix angle droit, Soleil en porte 24";missing;
humanDesign.incarnationCrosses.right.25;humanDesign;2;"Croix angle droit, Soleil en porte 25";missing;
humanDesign.incarnationCrosses.right.26;humanDesign;2;"Croix angle droit, Soleil en porte 26";missing;
humanDesign.incarnationCrosses.right.27;humanDesign;2;"Croix angle droit, Soleil en porte 27";missing;
humanDesign.incarnationCrosses.right.28;humanDesign;2;"Croix angle droit, Soleil en porte 28";missing;
humanDesign.incarnationCrosses.right.29;humanDesign;2;"Croix angle droit, Soleil en porte 29";missing;
humanDesign.incarnationCrosses.right.30;humanDesign;2;"Croix angle droit, Soleil en porte 30";missing;
humanDesign.incarnationCrosses.right.31;humanDesign;2;"Croix angle droit, Soleil en porte 31";missing;
humanDesign.incarnationCrosses.right.32;humanDesign;2;"Croix angle droit, Soleil en porte 32";missing;
humanDesign.incarnationCrosses.right.33;humanDesign;2;"Croix angle droit, Soleil en porte 33";missing;
humanDesign.incarnationCrosses.right.34;humanDesign;2;"Croix angle droit, Soleil en porte 34";missing;
humanDesign.incarnationCrosses.right.35;humanDesign;2;"Croix angle droit, Soleil en porte 35";missing;
humanDesign.incarnationCrosses.right.36;humanDesign;2;"Croix angle droit, Soleil en porte 36";missing;
humanDesign.incarnationCrosses.right.37;humanDesign;2;"Croix angle droit, Soleil en porte 37";missing;
humanDesign.incarnationCrosses.right.38;humanDesign;2;"Croix angle droit, Soleil en porte 38";missing;
humanDesign.incarnationCrosses.right.39;humanDesign;2;"Croix angle droit, Soleil en porte 39";missing;
humanDesign.incarnationCrosses.right.40;humanDesign;2;"Croix angle droit, Soleil en porte 40";missing;
humanDesign.incarnationCrosses.right.41;humanDesign;2;"Croix angle droit, Soleil en porte 41";missing;
humanDesign.incarnationCrosses.right.42;humanDesign;2;"Croix angle droit, Soleil en porte 42";missing;
humanDesign.incarnationCrosses.right.43;humanDesign;2;"Croix angle droit, Soleil en porte 43";missing;
humanDesign.incarnationCrosses.right.44;humanDesign;2;"Croix angle droit, Soleil en porte 44";missing;
humanDesign.incarnationCrosses.right.45;humanDesign;2;"Croix angle droit, Soleil en porte 45";missing;
humanDesign.incarnationCrosses.right.46;humanDesign;2;"Croix angle droit, Soleil en porte 46";missing;
humanDesign.incarnationCrosses.right.47;humanDesign;2;"Croix angle droit, Soleil en porte 47";missing;
humanDesign.incarnationCrosses.right.48;humanDesign;2;"Croix angle droit, Soleil en porte 48";missing;
humanDesign.incarnationCrosses.right.49;humanDesign;2;"Croix angle droit, Soleil en porte 49";missing;
humanDesign.incarnationCrosses.right.50;humanDesign;2;"Croix angle droit, Soleil en porte 50";missing;
humanDesign.incarnationCrosses.right.51;humanDesign;2;"Croix angle droit, Soleil en porte 51";missing;
humanDesign.incarnationCrosses.right.52;humanDesign;2;"Croix angle droit, Soleil en porte 52";missing;
humanDesign.incarnationCrosses.right.53;humanDesign;2;"Croix angle droit, Soleil en porte 53";missing;
humanDesign.incarnationCrosses.right.54;humanDesign;2;"Croix angle droit, Soleil en porte 54";missing;
humanDesign.incarnationCrosses.right.55;humanDesign;2;"Croix angle droit, Soleil en porte 55";missing;
humanDesign.incarnationCrosses.right.56;humanDesign;2;"Croix angle droit, Soleil en porte 56";missing;
humanDesign.incarnationCrosses.right.57;humanDesign;2;"Croix angle droit, Soleil en porte 57";missing;
humanDesign.incarnationCrosses.right.58;humanDesign;2;"Croix angle droit, Soleil en porte 58";missing;
humanDesign.incarnationCrosses.right.59;humanDesign;2;"Croix angle droit, Soleil en porte 59";missing;
humanDesign.incarnationCrosses.right.60;humanDesign;2;"Croix angle droit, Soleil en porte 60";missing;
humanDesign.incarnationCrosses.right.61;humanDesign;2;"Croix angle droit, Soleil en porte 61";missing;
humanDesign.incarnationCrosses.right.62;humanDesign;2;"Croix angle droit, Soleil en porte 62";missing;
humanDesign.incarnationCrosses.right.63;humanDesign;2;"Croix angle droit, Soleil en porte 63";missing;
humanDesign.incarnationCrosses.right.64;humanDesign;2;"Croix angle droit, Soleil en porte 64";missing;
humanDesign.incarnationCrosses.juxtaposition.1;humanDesign;2;"Croix juxtaposition, Soleil en porte 1";missing;
humanDesign.incarnationCrosses.juxtaposition.2;humanDesign;2;"Croix juxtaposition, Soleil en porte 2";missing;
humanDesign.incarnationCrosses.juxtaposition.3;humanDesign;2;"Croix juxtaposition, Soleil en porte 3";missing;
humanDesign.incarnationCrosses.juxtaposition.4;humanDesign;2;"Croix juxtaposition, Soleil en porte 4";missing;
humanDesign.incarnationCrosses.juxtaposition.5;humanDesign;2;"Croix juxtaposition, Soleil en porte 5";missing;
humanDesign.incarnationCrosses.juxtaposition.6;humanDesign;2;"Croix juxtaposition, Soleil en porte 6";missing;
humanDesign.incarnationCrosses.juxtaposition.7;humanDesign;2;"Croix juxtaposition, Soleil en porte 7";missing;
humanDesign.incarnationCrosses.juxtaposition.8;humanDesign;2;"Croix juxtaposition, Soleil en porte 8";missing;
humanDesign.incarnationCrosses.juxtaposition.9;humanDesign;2;"Croix juxtaposition, Soleil en porte 9";missing;
humanDesign.incarnationCrosses.juxtaposition.10;humanDesign;2;"Croix juxtaposition, Soleil en porte 10";missing;
humanDesign.incarnationCrosses.juxtaposition.11;humanDesign;2;"Croix juxtaposition, Soleil en porte 11";missing;
humanDesign.incarnationCrosses.juxtaposition.12;humanDesign;2;"Croix juxtaposition, Soleil en porte 12";missing;
humanDesign.incarnationCrosses.juxtaposition.13;humanDesign;2;"Croix juxtaposition, Soleil en porte 13";missing;
humanDesign.incarnationCrosses.juxtaposition.14;humanDesign;2;"Croix juxtaposition, Soleil en porte 14";missing;
humanDesign.incarnationCrosses.juxtaposition.15;humanDesign;2;"Croix juxtaposition, Soleil en porte 15";missing;
humanDesign.incarnationCrosses.juxtaposition.16;humanDesign;2;"Croix juxtaposition, Soleil en porte 16";missing;
humanDesign.incarnationCrosses.juxtaposition.17;humanDesign;2;"Croix juxtaposition, Soleil en porte 17";missing;
humanDesign.incarnationCrosses.juxtaposition.18;humanDesign;2;"Croix juxtaposition, Soleil en porte 18";missing;
humanDesign.incarnationCrosses.juxtaposition.19;humanDesign;2;"Croix juxtaposition, Soleil en porte 19";missing;
humanDesign.incarnationCrosses.juxtaposition.20;humanDesign;2;"Croix juxtaposition, Soleil en porte 20";missing;
humanDesign.incarnationCrosses.juxtaposition.21;humanDesign;2;"Croix juxtaposition, Soleil en porte 21";missing;
humanDesign.incarnationCrosses.juxtaposition.22;humanDesign;2;"Croix juxtaposition, Soleil en porte 22";missing;
humanDesign.incarnationCrosses.juxtaposition.23;humanDesign;2;"Croix juxtaposition, Soleil en porte 23";missing;
humanDesign.incarnationCrosses.juxtaposition.24;humanDesign;2;"Croix juxtaposition, Soleil en porte 24";missing;
humanDesign.incarnationCrosses.juxtaposition.25;humanDesign;2;"Croix juxtaposition, Soleil en porte 25";missing;
humanDesign.incarnationCrosses.juxtaposition.26;humanDesign;2;"Croix juxtaposition, Soleil en porte 26";missing;
humanDesign.incarnationCrosses.juxtaposition.27;humanDesign;2;"Croix juxtaposition, Soleil en porte 27";missing;
humanDesign.incarnationCrosses.juxtaposition.28;humanDesign;2;"Croix juxtaposition, Soleil en porte 28";missing;
humanDesign.incarnationCrosses.juxtaposition.29;humanDesign;2;"Croix juxtaposition, Soleil en porte 29";missing;
humanDesign.incarnationCrosses.juxtaposition.30;humanDesign;2;"Croix juxtaposition, Soleil en porte 30";missing;
humanDesign.incarnationCrosses.juxtaposition.31;humanDesign;2;"Croix juxtaposition, Soleil en porte 31";missing;
humanDesign.incarnationCrosses.juxtaposition.32;humanDesign;2;"Croix juxtaposition, Soleil en porte 32";missing;
humanDesign.incarnationCrosses.juxtaposition.33;humanDesign;2;"Croix juxtaposition, Soleil en porte 33";missing;
humanDesign.incarnationCrosses.juxtaposition.34;humanDesign;2;"Croix juxtaposition, Soleil en porte 34";missing;
humanDesign.incarnationCrosses.juxtaposition.35;humanDesign;2;"Croix juxtaposition, Soleil en porte 35";missing;
humanDesign.incarnationCrosses.juxtaposition.36;humanDesign;2;"Croix juxtaposition, Soleil en porte 36";missing;
humanDesign.incarnationCrosses.juxtaposition.37;humanDesign;2;"Croix juxtaposition, Soleil en porte 37";missing;
humanDesign.incarnationCrosses.juxtaposition.38;humanDesign;2;"Croix juxtaposition, Soleil en porte 38";missing;
humanDesign.incarnationCrosses.juxtaposition.39;humanDesign;2;"Croix juxtaposition, Soleil en porte 39";missing;
humanDesign.incarnationCrosses.juxtaposition.40;humanDesign;2;"Croix juxtaposition, Soleil en porte 40";missing;
humanDesign.incarnationCrosses.juxtaposition.41;humanDesign;2;"Croix juxtaposition, Soleil en porte 41";missing;
humanDesign.incarnationCrosses.juxtaposition.42;humanDesign;2;"Croix juxtaposition, Soleil en porte 42";missing;
humanDesign.incarnationCrosses.juxtaposition.43;humanDesign;2;"Croix juxtaposition, Soleil en porte 43";missing;
humanDesign.incarnationCrosses.juxtaposition.44;humanDesign;2;"Croix juxtaposition, Soleil en porte 44";missing;
humanDesign.incarnationCrosses.juxtaposition.45;humanDesign;2;"Croix juxtaposition, Soleil en porte 45";missing;
humanDesign.incarnationCrosses.juxtaposition.46;humanDesign;2;"Croix juxtaposition, Soleil en porte 46";missing;
humanDesign.incarnationCrosses.juxtaposition.47;humanDesign;2;"Croix juxtaposition, Soleil en porte 47";missing;
humanDesign.incarnationCrosses.juxtaposition.48;humanDesign;2;"Croix juxtaposition, Soleil en porte 48";missing;
humanDesign.incarnationCrosses.juxtaposition.49;humanDesign;2;"Croix juxtaposition, Soleil en porte 49";missing;
humanDesign.incarnationCrosses.juxtaposition.50;humanDesign;2;"Croix juxtaposition, Soleil en porte 50";missing;
humanDesign.incarnationCrosses.juxtaposition.51;humanDesign;2;"Croix juxtaposition, Soleil en porte 51";missing;
humanDesign.incarnationCrosses.juxtaposition.52;humanDesign;2;"Croix juxtaposition, Soleil en porte 52";missing;
humanDesign.incarnationCrosses.juxtaposition.53;humanDesign;2;"Croix juxtaposition, Soleil en porte 53";missing;
humanDesign.incarnationCrosses.juxtaposition.54;humanDesign;2;"Croix juxtaposition, Soleil en porte 54";missing;
humanDesign.incarnationCrosses.juxtaposition.55;humanDesign;2;"Croix juxtaposition, Soleil en porte 55";missing;
humanDesign.incarnationCrosses.juxtaposition.56;humanDesign;2;"Croix juxtaposition, Soleil en porte 56";missing;
humanDesign.incarnationCrosses.juxtaposition.57;humanDesign;2;"Croix juxtaposition, Soleil en porte 57";missing;
humanDesign.incarnationCrosses.juxtaposition.58;humanDesign;2;"Croix juxtaposition, Soleil en porte 58";missing;
humanDesign.incarnationCrosses.juxtaposition.59;humanDesign;2;"Croix juxtaposition, Soleil en porte 59";missing;
humanDesign.incarnationCrosses.juxtaposition.60;humanDesign;2;"Croix juxtaposition, Soleil en porte 60";missing;
humanDesign.incarnationCrosses.juxtaposition.61;humanDesign;2;"Croix juxtaposition, Soleil en porte 61";missing;
humanDesign.incarnationCrosses.juxtaposition.62;humanDesign;2;"Croix juxtaposition, Soleil en porte 62";missing;
humanDesign.incarnationCrosses.juxtaposition.63;humanDesign;2;"Croix juxtaposition, Soleil en porte 63";missing;
humanDesign.incarnationCrosses.juxtaposition.64;humanDesign;2;"Croix juxtaposition, Soleil en porte 64";missing;
humanDesign.incarnationCrosses.left.1;humanDesign;2;"Croix angle gauche, Soleil en porte 1";missing;
humanDesign.incarnationCrosses.left.2;humanDesign;2;"Croix angle gauche, Soleil en porte 2";missing;
humanDesign.incarnationCrosses.left.3;humanDesign;2;"Croix angle gauche, Soleil en porte 3";missing;
humanDesign.incarnationCrosses.left.4;humanDesign;2;"Croix angle gauche, Soleil en porte 4";missing;
humanDesign.incarnationCrosses.left.5;humanDesign;2;"Croix angle gauche, Soleil en porte 5";missing;
humanDesign.incarnationCrosses.left.6;humanDesign;2;"Croix angle gauche, Soleil en porte 6";missing;
humanDesign.incarnationCrosses.left.7;humanDesign;2;"Croix angle gauche, Soleil en porte 7";missing;
humanDesign.incarnationCrosses.left.8;humanDesign;2;"Croix angle gauche, Soleil en porte 8";missing;
humanDesign.incarnationCrosses.left.9;humanDesign;2;"Croix angle gauche, Soleil en porte 9";missing;
humanDesign.incarnationCrosses.left.10;humanDesign;2;"Croix angle gauche, Soleil en porte 10";missing;
humanDesign.incarnationCrosses.left.11;humanDesign;2;"Croix angle gauche, Soleil en porte 11";missing;
humanDesign.incarnationCrosses.left.12;humanDesign;2;"Croix angle gauche, Soleil en porte 12";missing;
humanDesign.incarnationCrosses.left.13;humanDesign;2;"Croix angle gauche, Soleil en porte 13";missing;
humanDesign.incarnationCrosses.left.14;humanDesign;2;"Croix angle gauche, Soleil en porte 14";missing;
humanDesign.incarnationCrosses.left.15;humanDesign;2;"Croix angle gauche, Soleil en porte 15";missing;
humanDesign.incarnationCrosses.left.16;humanDesign;2;"Croix angle gauche, Soleil en porte 16";missing;
humanDesign.incarnationCrosses.left.17;humanDesign;2;"Croix angle gauche, Soleil en porte 17";missing;
humanDesign.incarnationCrosses.left.18;humanDesign;2;"Croix angle gauche, Soleil en porte 18";missing;
humanDesign.incarnationCrosses.left.19;humanDesign;2;"Croix angle gauche, Soleil en porte 19";missing;
humanDesign.incarnationCrosses.left.20;humanDesign;2;"Croix angle gauche, Soleil en porte 20";missing;
humanDesign.incarnationCrosses.left.21;humanDesign;2;"Croix angle gauche, Soleil en porte 21";missing;
humanDesign.incarnationCrosses.left.22;humanDesign;2;"Croix angle gauche, Soleil en porte 22";missing;
humanDesign.incarnationCrosses.left.23;humanDesign;2;"Croix angle gauche, Soleil en porte 23";missing;
humanDesign.incarnationCrosses.left.24;humanDesign;2;"Croix angle gauche, Soleil en porte 24";missing;
humanDesign.incarnationCrosses.left.25;humanDesign;2;"Croix angle gauche, Soleil en porte 25";missing;
humanDesign.incarnationCrosses.left.26;humanDesign;2;"Croix angle gauche, Soleil en porte 26";missing;
humanDesign.incarnationCrosses.left.27;humanDesign;2;"Croix angle gauche, Soleil en porte 27";missing;
humanDesign.incarnationCrosses.left.28;humanDesign;2;"Croix angle gauche, Soleil en porte 28";missing;
humanDesign.incarnationCrosses.left.29;humanDesign;2;"Croix angle gauche, Soleil en porte 29";missing;
humanDesign.incarnationCrosses.left.30;humanDesign;2;"Croix angle gauche, Soleil en porte 30";missing;
humanDesign.incarnationCrosses.left.31;humanDesign;2;"Croix angle gauche, Soleil en porte 31";missing;
humanDesign.incarnationCrosses.left.32;humanDesign;2;"Croix angle gauche, Soleil en porte 32";missing;
humanDesign.incarnationCrosses.left.33;humanDesign;2;"Croix angle gauche, Soleil en porte 33";missing;
humanDesign.incarnationCrosses.left.34;humanDesign;2;"Croix angle gauche, Soleil en porte 34";missing;
humanDesign.incarnationCrosses.left.35;humanDesign;2;"Croix angle gauche, Soleil en porte 35";missing;
humanDesign.incarnationCrosses.left.36;humanDesign;2;"Croix angle gauche, Soleil en porte 36";missing;
humanDesign.incarnationCrosses.left.37;humanDesign;2;"Croix angle gauche, Soleil en porte 37";missing;
humanDesign.incarnationCrosses.left.38;humanDesign;2;"Croix angle gauche, Soleil en porte 38";missing;
humanDesign.incarnationCrosses.left.39;humanDesign;2;"Croix angle gauche, Soleil en porte 39";missing;
humanDesign.incarnationCrosses.left.40;humanDesign;2;"Croix angle gauche, Soleil en porte 40";missing;
humanDesign.incarnationCrosses.left.41;humanDesign;2;"Croix angle gauche, Soleil en porte 41";missing;
humanDesign.incarnationCrosses.left.42;humanDesign;2;"Croix angle gauche, Soleil en porte 42";missing;
humanDesign.incarnationCrosses.left.43;humanDesign;2;"Croix angle gauche, Soleil en porte 43";missing;
humanDesign.incarnationCrosses.left.44;humanDesign;2;"Croix angle gauche, Soleil en porte 44";missing;
humanDesign.incarnationCrosses.left.45;humanDesign;2;"Croix angle gauche, Soleil en porte 45";missing;
humanDesign.incarnationCrosses.left.46;humanDesign;2;"Croix angle gauche, Soleil en porte 46";missing;
humanDesign.incarnationCrosses.left.47;humanDesign;2;"Croix angle gauche, Soleil en porte 47";missing;
humanDesign.incarnationCrosses.left.48;humanDesign;2;"Croix angle gauche, Soleil en porte 48";missing;
humanDesign.incarnationCrosses.left.49;humanDesign;2;"Croix angle gauche, Soleil en porte 49";missing;
humanDesign.incarnationCrosses.left.50;humanDesign;2;"Croix angle gauche, Soleil en porte 50";missing;
humanDesign.incarnationCrosses.left.51;humanDesign;2;"Croix angle gauche, Soleil en porte 51";missing;
humanDesign.incarnationCrosses.left.52;humanDesign;2;"Croix angle gauche, Soleil en porte 52";missing;
humanDesign.incarnationCrosses.left.53;humanDesign;2;"Croix angle gauche, Soleil en porte 53";missing;
humanDesign.incarnationCrosses.left.54;humanDesign;2;"Croix angle gauche, Soleil en porte 54";missing;
humanDesign.incarnationCrosses.left.55;humanDesign;2;"Croix angle gauche, Soleil en porte 55";missing;
humanDesign.incarnationCrosses.left.56;humanDesign;2;"Croix angle gauche, Soleil en porte 56";missing;
humanDesign.incarnationCrosses.left.57;humanDesign;2;"Croix angle gauche, Soleil en porte 57";missing;
humanDesign.incarnationCrosses.left.58;humanDesign;2;"Croix angle gauche, Soleil en porte 58";missing;
humanDesign.incarnationCrosses.left.59;humanDesign;2;"Croix angle gauche, Soleil en porte 59";missing;
humanDesign.incarnationCrosses.left.60;humanDesign;2;"Croix angle gauche, Soleil en porte 60";missing;
humanDesign.incarnationCrosses.left.61;humanDesign;2;"Croix angle gauche, Soleil en porte 61";missing;
humanDesign.incarnationCrosses.left.62;humanDesign;2;"Croix angle gauche, Soleil en porte 62";missing;
humanDesign.incarnationCrosses.left.63;humanDesign;2;"Croix angle gauche, Soleil en porte 63";missing;
humanDesign.incarnationCrosses.left.64;humanDesign;2;"Croix angle gauche, Soleil en porte 64";missing;
humanDesign.variables.determination.color1;humanDesign;3;determination couleur 1;missing;
humanDesign.variables.determination.color2;humanDesign;3;determination couleur 2;missing;
humanDesign.variables.determination.color3;humanDesign;3;determination couleur 3;missing;
humanDesign.variables.determination.color4;humanDesign;3;determination couleur 4;missing;
humanDesign.variables.determination.color5;humanDesign;3;determination couleur 5;missing;
humanDesign.variables.determination.color6;humanDesign;3;determination couleur 6;missing;
humanDesign.variables.environment.color1;humanDesign;3;environment couleur 1;missing;
humanDesign.variables.environment.color2;humanDesign;3;environment couleur 2;missing;
humanDesign.variables.environment.color3;humanDesign;3;environment couleur 3;missing;
humanDesign.variables.environment.color4;humanDesign;3;environment couleur 4;missing;
humanDesign.variables.environment.color5;humanDesign;3;environment couleur 5;missing;
humanDesign.variables.environment.color6;humanDesign;3;environment couleur 6;missing;
humanDesign.variables.motivation.color1;humanDesign;3;motivation couleur 1;missing;
humanDesign.variables.motivation.color2;humanDesign;3;motivation couleur 2;missing;
humanDesign.variables.motivation.color3;humanDesign;3;motivation couleur 3;missing;
humanDesign.variables.motivation.color4;humanDesign;3;motivation couleur 4;missing;
humanDesign.variables.motivation.color5;humanDesign;3;motivation couleur 5;missing;
humanDesign.variables.motivation.color6;humanDesign;3;motivation couleur 6;missing;
humanDesign.variables.perspective.color1;humanDesign;3;perspective couleur 1;missing;
humanDesign.variables.perspective.color2;humanDesign;3;perspective couleur 2;missing;
humanDesign.variables.perspective.color3;humanDesign;3;perspective couleur 3;missing;
humanDesign.variables.perspective.color4;humanDesign;3;perspective couleur 4;missing;
humanDesign.variables.perspective.color5;humanDesign;3;perspective couleur 5;missing;
humanDesign.variables.perspective.color6;humanDesign;3;perspective couleur 6;missing;
numerology.lifePath.1;numerology;1;Chemin de vie 1;draft;"Le chemin de vie 1 est celui de l'autonomie et de l'initiative. Il invite à développer la confiance en soi, la capacité à décider et à ouvrir de nouvelles voies. Le défi est d'affirmer sa singularité sans s'isoler ni imposer."
numerology.lifePath.2;numerology;1;Chemin de vie 2;draft;"Le chemin de vie 2 est celui de la coopération et de la sensibilité. Il invite à cultiver l'écoute, la diplomatie et l'art du partenariat. Le défi est de garder sa propre voix tout en recherchant l'harmonie."
numerology.lifePath.3;numerology;1;Chemin de vie 3;draft;"Le chemin de vie 3 est celui de l'expression et de la créativité. Il invite à communiquer, à créer et à partager sa joie de vivre. Le défi est de canaliser ses talents pour les mener à leur plein potentiel."
numerology.lifePath.4;numerology;1;Chemin de vie 4;draft;"Le chemin de vie 4 est celui de la construction et de la stabilité. Il invite à bâtir avec méthode, persévérance et sens des responsabilités. Le défi est d'accepter le changement sans perdre ses fondations."
numerology.lifePath.5;numerology;1;Chemin de vie 5;draft;"Le chemin de vie 5 est celui de la liberté et du changement. Il invite à expérimenter, voyager, s'adapter et apprendre par la diversité. Le défi est de trouver un équilibre entre liberté et engagement."
numerology.lifePath.6;numerology;1;Chemin de vie 6;draft;"Le chemin de vie 6 est celui de la responsabilité affective et du service. Il invite à prendre soin, à créer l'harmonie et à s'engager envers les autres. Le défi est de donner sans se sacrifier ni chercher à tout contrôler."
numerology.lifePath.7;numerology;1;Chemin de vie 7;draft;"Le chemin de vie 7 est celui de la connaissance et de la vie intérieure. Il invite à chercher, analyser, méditer et approfondir. Le défi est de partager sa compréhension sans se couper des autres."
numerology.lifePath.8;numerology;1;Chemin de vie 8;draft;"Le chemin de vie 8 est celui de la réalisation et de la maîtrise matérielle. Il invite à exercer son pouvoir avec justesse, à entreprendre et à gérer. Le défi est d'équilibrer ambition, éthique et vie personnelle."
numerology.lifePath.9;numerology;1;Chemin de vie 9;draft;"Le chemin de vie 9 est celui de l'ouverture au monde et de l'altruisme. Il invite à servir une cause plus large, à comprendre et à transmettre. Le défi est d'apprendre à laisser partir et à accomplir sans attendre de retour."
numerology.lifePath.11;numerology;1;Chemin de vie 11;draft;"Le chemin de vie 11 est un nombre maître qui porte la vibration du 2 à un niveau d'inspiration. Il invite à développer l'intuition, à éclairer et à inspirer les autres. Le défi est de canaliser une grande sensibilité sans se laisser submerger par la tension intérieure."
numerology.lifePath.22;numerology;1;Chemin de vie 22;draft;Le chemin de vie 22 est un nombre maître qui porte la vibration du 4 à grande échelle. Il invite à concrétiser une vision ambitieuse au service du collectif. Le défi est de soutenir une forte exigence sans se laisser écraser par l'ampleur de la tâche.
numerology.lifePath.33;numerology;1;Chemin de vie 33;draft;Le chemin de vie 33 est un nombre maître qui porte la vibration du 6 vers le service et la transmission. Il invite à guider et à prendre soin avec une grande générosité. Le défi est de rester ancré et de respecter ses propres limites.
numerology.expression.1;numerology;1;Expression 1;draft;"L'expression 1 indique des talents de leader et d'initiateur : volonté, indépendance, capacité à prendre des décisions et à démarrer des projets. Ces atouts s'épanouissent dans les rôles qui laissent de l'autonomie."
numerology.expression.2;numerology;1;Expression 2;draft;"L'expression 2 indique des talents de médiateur et de partenaire : écoute, tact, sens du détail et de la coopération. Ces atouts s'épanouissent dans le travail d'équipe et l'accompagnement."
numerology.expression.3;numerology;1;Expression 3;draft;"L'expression 3 indique des talents de communication et de création : aisance verbale, imagination, enthousiasme. Ces atouts s'épanouissent dans les domaines de l'expression, de l'art et du contact."
numerology.expression.4;numerology;1;Expression 4;draft;"L'expression 4 indique des talents d'organisation et de rigueur : méthode, fiabilité, endurance au travail. Ces atouts s'épanouissent dans la construction de projets concrets et durables."
numerology.expression.5;numerology;1;Expression 5;draft;"L'expression 5 indique des talents d'adaptation et de mobilité : curiosité, polyvalence, goût du changement et de la communication. Ces atouts s'épanouissent dans les environnements variés."
numerology.expression.6;numerology;1;Expression 6;draft;"L'expression 6 indique des talents relationnels et de soin : sens des responsabilités, conseil, harmonie esthétique. Ces atouts s'épanouissent dans l'accompagnement, l'enseignement ou la création d'un cadre bienveillant."
numerology.expression.7;numerology;1;Expression 7;draft;"L'expression 7 indique des talents d'analyse et de recherche : réflexion, intuition, goût de l'étude et de la spécialisation. Ces atouts s'épanouissent dans les domaines qui demandent profondeur et expertise."
numerology.expression.8;numerology;1;Expression 8;draft;"L'expression 8 indique des talents de gestion et de réalisation : sens des affaires, autorité, capacité à mobiliser les ressources. Ces atouts s'épanouissent dans l'entrepreneuriat et les responsabilités."
numerology.expression.9;numerology;1;Expression 9;draft;"L'expression 9 indique des talents humanistes et créatifs : compassion, ouverture, vision large. Ces atouts s'épanouissent dans les activités tournées vers les autres ou vers une cause."
numerology.expression.11;numerology;1;Expression 11;draft;"L'expression 11, nombre maître, indique des talents d'inspiration et d'intuition : capacité à percevoir au-delà des apparences et à transmettre une vision. Ces atouts demandent un cadre qui protège la sensibilité."
numerology.expression.22;numerology;1;Expression 22;draft;"L'expression 22, nombre maître, indique des talents de bâtisseur à grande échelle : vision et sens pratique réunis. Ces atouts s'épanouissent dans les projets d'envergure utiles au collectif."
numerology.expression.33;numerology;1;Expression 33;draft;"L'expression 33, nombre maître, indique des talents de transmission et de guidance : bienveillance, sens du service, capacité à élever les autres. Ces atouts s'épanouissent dans l'enseignement et l'accompagnement."
numerology.soulUrge.1;numerology;2;Élan spirituel (âme) 1;missing;
numerology.soulUrge.2;numerology;2;Élan spirituel (âme) 2;missing;
numerology.soulUrge.3;numerology;2;Élan spirituel (âme) 3;missing;
numerology.soulUrge.4;numerology;2;Élan spirituel (âme) 4;missing;
numerology.soulUrge.5;numerology;2;Élan spirituel (âme) 5;missing;
numerology.soulUrge.6;numerology;2;Élan spirituel (âme) 6;missing;
numerology.soulUrge.7;numerology;2;Élan spirituel (âme) 7;missing;
numerology.soulUrge.8;numerology;2;Élan spirituel (âme) 8;missing;
numerology.soulUrge.9;numerology;2;Élan spirituel (âme) 9;missing;
numerology.soulUrge.11;numerology;2;Élan spirituel (âme) 11;missing;
numerology.soulUrge.22;numerology;2;Élan spirituel (âme) 22;missing;
numerology.soulUrge.33;numerology;2;Élan spirituel (âme) 33;missing;
numerology.personality.1;numerology;2;Personnalité 1;missing;
numerology.personality.2;numerology;2;Personnalité 2;missing;
numerology.personality.3;numerology;2;Personnalité 3;missing;
numerology.personality.4;numerology;2;Personnalité 4;missing;
numerology.personality.5;numerology;2;Personnalité 5;missing;
numerology.personality.6;numerology;2;Personnalité 6;missing;
numerology.personality.7;numerology;2;Personnalité 7;missing;
numerology.personality.8;numerology;2;Personnalité 8;missing;
numerology.personality.9;numerology;2;Personnalité 9;missing;
numerology.personality.11;numerology;2;Personnalité 11;missing;
numerology.personality.22;numerology;2;Personnalité 22;missing;
numerology.personality.33;numerology;2;Personnalité 33;missing;
numerology.maturity.1;numerology;2;Maturité 1;missing;
numerology.maturity.2;numerology;2;Maturité 2;missing;
numerology.maturity.3;numerology;2;Maturité 3;missing;
numerology.maturity.4;numerology;2;Maturité 4;missing;
numerology.maturity.5;numerology;2;Maturité 5;missing;
numerology.maturity.6;numerology;2;Maturité 6;missing;
numerology.maturity.7;numerology;2;Maturité 7;missing;
numerology.maturity.8;numerology;2;Maturité 8;missing;
numerology.maturity.9;numerology;2;Maturité 9;missing;
numerology.maturity.11;numerology;2;Maturité 11;missing;
numerology.maturity.22;numerology;2;Maturité 22;missing;
numerology.maturity.33;numerology;2;Maturité 33;missing;
numerology.birthday.1;numerology;2;Jour de naissance 1;missing;
numerology.birthday.2;numerology;2;Jour de naissance 2;missing;
numerology.birthday.3;numerology;2;Jour de naissance 3;missing;
numerology.birthday.4;numerology;2;Jour de naissance 4;missing;
numerology.birthday.5;numerology;2;Jour de naissance 5;missing;
numerology.birthday.6;numerology;2;Jour de naissance 6;missing;
numerology.birthday.7;numerology;2;Jour de naissance 7;missing;
numerology.birthday.8;numerology;2;Jour de naissance 8;missing;
numerology.birthday.9;numerology;2;Jour de naissance 9;missing;
numerology.birthday.11;numerology;2;Jour de naissance 11;missing;
numerology.birthday.22;numerology;2;Jour de naissance 22;missing;
numerology.birthday.33;numerology;2;Jour de naissance 33;missing;
numerology.personalYear.1;numerology;2;Année personnelle 1;missing;
numerology.personalYear.2;numerology;2;Année personnelle 2;missing;
numerology.personalYear.3;numerology;2;Année personnelle 3;missing;
numerology.personalYear.4;numerology;2;Année personnelle 4;missing;
numerology.personalYear.5;numerology;2;Année personnelle 5;missing;
numerology.personalYear.6;numerology;2;Année personnelle 6;missing;
numerology.personalYear.7;numerology;2;Année personnelle 7;missing;
numerology.personalYear.8;numerology;2;Année personnelle 8;missing;
numerology.personalYear.9;numerology;2;Année personnelle 9;missing;
numerology.personalYear.11;numerology;2;Année personnelle 11;missing;
numerology.personalYear.22;numerology;2;Année personnelle 22;missing;
numerology.personalYear.33;numerology;2;Année personnelle 33;missing;
numerology.personalMonth.1;numerology;3;Mois personnel 1;missing;
numerology.personalMonth.2;numerology;3;Mois personnel 2;missing;
numerology.personalMonth.3;numerology;3;Mois personnel 3;missing;
numerology.personalMonth.4;numerology;3;Mois personnel 4;missing;
numerology.personalMonth.5;numerology;3;Mois personnel 5;missing;
numerology.personalMonth.6;numerology;3;Mois personnel 6;missing;
numerology.personalMonth.7;numerology;3;Mois personnel 7;missing;
numerology.personalMonth.8;numerology;3;Mois personnel 8;missing;
numerology.personalMonth.9;numerology;3;Mois personnel 9;missing;
numerology.personalMonth.11;numerology;3;Mois personnel 11;missing;
numerology.personalMonth.22;numerology;3;Mois personnel 22;missing;
numerology.personalMonth.33;numerology;3;Mois personnel 33;missing;
numerology.personalDay.1;numerology;3;Jour personnel 1;missing;
numerology.personalDay.2;numerology;3;Jour personnel 2;missing;
numerology.personalDay.3;numerology;3;Jour personnel 3;missing;
numerology.personalDay.4;numerology;3;Jour personnel 4;missing;
numerology.personalDay.5;numerology;3;Jour personnel 5;missing;
numerology.personalDay.6;numerology;3;Jour personnel 6;missing;
numerology.personalDay.7;numerology;3;Jour personnel 7;missing;
numerology.personalDay.8;numerology;3;Jour personnel 8;missing;
numerology.personalDay.9;numerology;3;Jour personnel 9;missing;
numerology.personalDay.11;numerology;3;Jour personnel 11;missing;
numerology.personalDay.22;numerology;3;Jour personnel 22;missing;
numerology.personalDay.33;numerology;3;Jour personnel 33;missing;
numerology.karmicDebt.13;numerology;2;Dette karmique 13;missing;
numerology.karmicDebt.14;numerology;2;Dette karmique 14;missing;
numerology.karmicDebt.16;numerology;2;Dette karmique 16;missing;
numerology.karmicDebt.19;numerology;2;Dette karmique 19;missing;
numerology.karmicLessons.1;numerology;3;Leçon karmique 1;missing;
numerology.karmicLessons.2;numerology;3;Leçon karmique 2;missing;
numerology.karmicLessons.3;numerology;3;Leçon karmique 3;missing;
numerology.karmicLessons.4;numerology;3;Leçon karmique 4;missing;
numerology.karmicLessons.5;numerology;3;Leçon karmique 5;missing;
numerology.karmicLessons.6;numerology;3;Leçon karmique 6;missing;
numerology.karmicLessons.7;numerology;3;Leçon karmique 7;missing;
numerology.karmicLessons.8;numerology;3;Leçon karmique 8;missing;
numerology.karmicLessons.9;numerology;3;Leçon karmique 9;missing;
numerology.lifeCycles.1;numerology;3;Cycle de vie 1;missing;
numerology.lifeCycles.2;numerology;3;Cycle de vie 2;missing;
numerology.lifeCycles.3;numerology;3;Cycle de vie 3;missing;
numerology.lifeCycles.4;numerology;3;Cycle de vie 4;missing;
numerology.lifeCycles.5;numerology;3;Cycle de vie 5;missing;
numerology.lifeCycles.6;numerology;3;Cycle de vie 6;missing;
numerology.lifeCycles.7;numerology;3;Cycle de vie 7;missing;
numerology.lifeCycles.8;numerology;3;Cycle de vie 8;missing;
numerology.lifeCycles.9;numerology;3;Cycle de vie 9;missing;
numerology.lifeCycles.11;numerology;3;Cycle de vie 11;missing;
numerology.lifeCycles.22;numerology;3;Cycle de vie 22;missing;
numerology.lifeCycles.33;numerology;3;Cycle de vie 33;missing;
numerology.pinnacles.1;numerology;3;Réalisation 1;missing;
numerology.pinnacles.2;numerology;3;Réalisation 2;missing;
numerology.pinnacles.3;numerology;3;Réalisation 3;missing;
numerology.pinnacles.4;numerology;3;Réalisation 4;missing;
numerology.pinnacles.5;numerology;3;Réalisation 5;missing;
numerology.pinnacles.6;numerology;3;Réalisation 6;missing;
numerology.pinnacles.7;numerology;3;Réalisation 7;missing;
numerology.pinnacles.8;numerology;3;Réalisation 8;missing;
numerology.pinnacles.9;numerology;3;Réalisation 9;missing;
numerology.pinnacles.11;numerology;3;Réalisation 11;missing;
numerology.pinnacles.22;numerology;3;Réalisation 22;missing;
numerology.pinnacles.33;numerology;3;Réalisation 33;missing;
numerology.challenges.0;numerology;3;Défi 0;missing;
numerology.challenges.1;numerology;3;Défi 1;missing;
numerology.challenges.2;numerology;3;Défi 2;missing;
numerology.challenges.3;numerology;3;Défi 3;missing;
numerology.challenges.4;numerology;3;Défi 4;missing;
numerology.challenges.5;numerology;3;Défi 5;missing;
numerology.challenges.6;numerology;3;Défi 6;missing;
numerology.challenges.7;numerology;3;Défi 7;missing;
numerology.challenges.8;numerology;3;Défi 8;missing;
